[2026-01-07 20:10:05] === NEW REQUEST ==={"action":"count"}
[2026-01-07 20:10:05] Getting current user ID...
[2026-01-07 20:10:05] Session data: {"guest_id":96,"user":5,"user_id":5,"user_name":"salabim","username":"salambim","email":"salambim@example.com","role":"user","logged_in":true,"success":"\u2705 Login berhasil! Selamat datang salabim"}
[2026-01-07 20:10:05] get_user_info() returned: {"id":5,"role":"user","username":"salabim"}
[2026-01-07 20:10:05] Using logged-in user ID: 5
[2026-01-07 20:10:05] Final user_id: 5
[2026-01-07 20:10:05] Action: count
[2026-01-07 20:10:05] === NEW REQUEST ==={"action":"count"}
[2026-01-07 20:10:05] Getting current user ID...
[2026-01-07 20:10:05] Session data: {"guest_id":96,"user":5,"user_id":5,"user_name":"salabim","username":"salambim","email":"salambim@example.com","role":"user","logged_in":true,"success":"\u2705 Login berhasil! Selamat datang salabim"}
[2026-01-07 20:10:05] get_user_info() returned: {"id":5,"role":"user","username":"salabim"}
[2026-01-07 20:10:05] Using logged-in user ID: 5
[2026-01-07 20:10:05] Final user_id: 5
[2026-01-07 20:10:05] Action: count
[2026-01-07 20:10:15] === NEW REQUEST ==={"action":"get"}
[2026-01-07 20:10:15] Getting current user ID...
[2026-01-07 20:10:15] Session data: {"guest_id":96,"user":5,"user_id":5,"user_name":"salabim","username":"salambim","email":"salambim@example.com","role":"user","logged_in":true,"success":"\u2705 Login berhasil! Selamat datang salabim"}
[2026-01-07 20:10:15] get_user_info() returned: {"id":5,"role":"user","username":"salabim"}
[2026-01-07 20:10:15] Using logged-in user ID: 5
[2026-01-07 20:10:15] Final user_id: 5
[2026-01-07 20:10:15] Action: get
[2026-01-07 20:10:15] Getting cart items for user_id: 5
[2026-01-07 20:10:15] Cart items count: 0
[2026-01-07 20:10:15] === NEW REQUEST ==={"action":"count"}
[2026-01-07 20:10:15] Getting current user ID...
[2026-01-07 20:10:15] Session data: {"guest_id":96,"user":5,"user_id":5,"user_name":"salabim","username":"salambim","email":"salambim@example.com","role":"user","logged_in":true,"success":"\u2705 Login berhasil! Selamat datang salabim"}
[2026-01-07 20:10:15] get_user_info() returned: {"id":5,"role":"user","username":"salabim"}
[2026-01-07 20:10:15] Using logged-in user ID: 5
[2026-01-07 20:10:15] Final user_id: 5
[2026-01-07 20:10:15] Action: count
[2026-01-07 20:10:15] === NEW REQUEST ==={"action":"count"}
[2026-01-07 20:10:15] Getting current user ID...
[2026-01-07 20:10:15] Session data: {"guest_id":96,"user":5,"user_id":5,"user_name":"salabim","username":"salambim","email":"salambim@example.com","role":"user","logged_in":true,"success":"\u2705 Login berhasil! Selamat datang salabim"}
[2026-01-07 20:10:15] get_user_info() returned: {"id":5,"role":"user","username":"salabim"}
[2026-01-07 20:10:15] Using logged-in user ID: 5
[2026-01-07 20:10:15] Final user_id: 5
[2026-01-07 20:10:15] Action: count
[2026-01-07 20:10:17] === NEW REQUEST ==={"action":"count"}
[2026-01-07 20:10:17] Getting current user ID...
[2026-01-07 20:10:17] Session data: {"guest_id":96,"user":5,"user_id":5,"user_name":"salabim","username":"salambim","email":"salambim@example.com","role":"user","logged_in":true,"success":"\u2705 Login berhasil! Selamat datang salabim"}
[2026-01-07 20:10:17] get_user_info() returned: {"id":5,"role":"user","username":"salabim"}
[2026-01-07 20:10:17] Using logged-in user ID: 5
[2026-01-07 20:10:17] Final user_id: 5
[2026-01-07 20:10:17] Action: count
[2026-01-07 20:10:17] === NEW REQUEST ==={"action":"count"}
[2026-01-07 20:10:17] Getting current user ID...
[2026-01-07 20:10:17] Session data: {"guest_id":96,"user":5,"user_id":5,"user_name":"salabim","username":"salambim","email":"salambim@example.com","role":"user","logged_in":true,"success":"\u2705 Login berhasil! Selamat datang salabim"}
[2026-01-07 20:10:17] get_user_info() returned: {"id":5,"role":"user","username":"salabim"}
[2026-01-07 20:10:17] Using logged-in user ID: 5
[2026-01-07 20:10:17] Final user_id: 5
[2026-01-07 20:10:17] Action: count
[2026-01-07 20:12:16] === NEW REQUEST ==={"action":"count"}
[2026-01-07 20:12:16] Getting current user ID...
[2026-01-07 20:12:16] Session data: {"guest_id":96,"user":5,"user_id":5,"user_name":"salabim","username":"salambim","email":"salambim@example.com","role":"user","logged_in":true,"success":"\u2705 Login berhasil! Selamat datang salabim"}
[2026-01-07 20:12:16] get_user_info() returned: {"id":5,"role":"user","username":"salabim"}
[2026-01-07 20:12:16] Using logged-in user ID: 5
[2026-01-07 20:12:16] Final user_id: 5
[2026-01-07 20:12:16] Action: count
[2026-01-07 20:12:16] === NEW REQUEST ==={"action":"count"}
[2026-01-07 20:12:16] Getting current user ID...
[2026-01-07 20:12:16] Session data: {"guest_id":96,"user":5,"user_id":5,"user_name":"salabim","username":"salambim","email":"salambim@example.com","role":"user","logged_in":true,"success":"\u2705 Login berhasil! Selamat datang salabim"}
[2026-01-07 20:12:16] get_user_info() returned: {"id":5,"role":"user","username":"salabim"}
[2026-01-07 20:12:16] Using logged-in user ID: 5
[2026-01-07 20:12:16] Final user_id: 5
[2026-01-07 20:12:16] Action: count
[2026-01-07 20:12:18] === NEW REQUEST ==={"action":"count"}
[2026-01-07 20:12:18] Getting current user ID...
[2026-01-07 20:12:18] Session data: {"guest_id":96,"user":5,"user_id":5,"user_name":"salabim","username":"salambim","email":"salambim@example.com","role":"user","logged_in":true,"success":"\u2705 Login berhasil! Selamat datang salabim"}
[2026-01-07 20:12:18] get_user_info() returned: {"id":5,"role":"user","username":"salabim"}
[2026-01-07 20:12:18] Using logged-in user ID: 5
[2026-01-07 20:12:18] Final user_id: 5
[2026-01-07 20:12:18] Action: count
[2026-01-07 20:12:18] === NEW REQUEST ==={"action":"count"}
[2026-01-07 20:12:18] Getting current user ID...
[2026-01-07 20:12:18] Session data: {"guest_id":96,"user":5,"user_id":5,"user_name":"salabim","username":"salambim","email":"salambim@example.com","role":"user","logged_in":true,"success":"\u2705 Login berhasil! Selamat datang salabim"}
[2026-01-07 20:12:18] get_user_info() returned: {"id":5,"role":"user","username":"salabim"}
[2026-01-07 20:12:18] Using logged-in user ID: 5
[2026-01-07 20:12:18] Final user_id: 5
[2026-01-07 20:12:18] Action: count
[2026-01-07 20:12:18] === NEW REQUEST ==={"action":"count"}
[2026-01-07 20:12:18] Getting current user ID...
[2026-01-07 20:12:18] Session data: {"guest_id":96,"user":5,"user_id":5,"user_name":"salabim","username":"salambim","email":"salambim@example.com","role":"user","logged_in":true,"success":"\u2705 Login berhasil! Selamat datang salabim"}
[2026-01-07 20:12:18] get_user_info() returned: {"id":5,"role":"user","username":"salabim"}
[2026-01-07 20:12:18] Using logged-in user ID: 5
[2026-01-07 20:12:18] Final user_id: 5
[2026-01-07 20:12:18] Action: count
[2026-01-07 20:12:18] === NEW REQUEST ==={"action":"count"}
[2026-01-07 20:12:18] Getting current user ID...
[2026-01-07 20:12:18] Session data: {"guest_id":96,"user":5,"user_id":5,"user_name":"salabim","username":"salambim","email":"salambim@example.com","role":"user","logged_in":true,"success":"\u2705 Login berhasil! Selamat datang salabim"}
[2026-01-07 20:12:18] get_user_info() returned: {"id":5,"role":"user","username":"salabim"}
[2026-01-07 20:12:18] Using logged-in user ID: 5
[2026-01-07 20:12:18] Final user_id: 5
[2026-01-07 20:12:18] Action: count
[2026-01-07 20:12:25] === NEW REQUEST ==={"action":"get"}
[2026-01-07 20:12:25] Getting current user ID...
[2026-01-07 20:12:25] Session data: {"guest_id":96,"user":5,"user_id":5,"user_name":"salabim","username":"salambim","email":"salambim@example.com","role":"user","logged_in":true,"success":"\u2705 Login berhasil! Selamat datang salabim"}
[2026-01-07 20:12:25] get_user_info() returned: {"id":5,"role":"user","username":"salabim"}
[2026-01-07 20:12:25] Using logged-in user ID: 5
[2026-01-07 20:12:25] Final user_id: 5
[2026-01-07 20:12:25] Action: get
[2026-01-07 20:12:25] Getting cart items for user_id: 5
[2026-01-07 20:12:25] Cart items count: 0
[2026-01-07 20:12:25] === NEW REQUEST ==={"action":"count"}
[2026-01-07 20:12:25] Getting current user ID...
[2026-01-07 20:12:25] Session data: {"guest_id":96,"user":5,"user_id":5,"user_name":"salabim","username":"salambim","email":"salambim@example.com","role":"user","logged_in":true,"success":"\u2705 Login berhasil! Selamat datang salabim"}
[2026-01-07 20:12:25] get_user_info() returned: {"id":5,"role":"user","username":"salabim"}
[2026-01-07 20:12:25] Using logged-in user ID: 5
[2026-01-07 20:12:25] Final user_id: 5
[2026-01-07 20:12:25] Action: count
[2026-01-07 20:12:25] === NEW REQUEST ==={"action":"count"}
[2026-01-07 20:12:25] Getting current user ID...
[2026-01-07 20:12:25] Session data: {"guest_id":96,"user":5,"user_id":5,"user_name":"salabim","username":"salambim","email":"salambim@example.com","role":"user","logged_in":true,"success":"\u2705 Login berhasil! Selamat datang salabim"}
[2026-01-07 20:12:25] get_user_info() returned: {"id":5,"role":"user","username":"salabim"}
[2026-01-07 20:12:25] Using logged-in user ID: 5
[2026-01-07 20:12:25] Final user_id: 5
[2026-01-07 20:12:25] Action: count
[2026-01-07 20:12:26] === NEW REQUEST ==={"action":"count"}
[2026-01-07 20:12:26] Getting current user ID...
[2026-01-07 20:12:26] Session data: {"guest_id":96,"user":5,"user_id":5,"user_name":"salabim","username":"salambim","email":"salambim@example.com","role":"user","logged_in":true,"success":"\u2705 Login berhasil! Selamat datang salabim"}
[2026-01-07 20:12:26] get_user_info() returned: {"id":5,"role":"user","username":"salabim"}
[2026-01-07 20:12:26] Using logged-in user ID: 5
[2026-01-07 20:12:26] Final user_id: 5
[2026-01-07 20:12:26] Action: count
[2026-01-07 20:12:26] === NEW REQUEST ==={"action":"count"}
[2026-01-07 20:12:26] Getting current user ID...
[2026-01-07 20:12:26] Session data: {"guest_id":96,"user":5,"user_id":5,"user_name":"salabim","username":"salambim","email":"salambim@example.com","role":"user","logged_in":true,"success":"\u2705 Login berhasil! Selamat datang salabim"}
[2026-01-07 20:12:26] get_user_info() returned: {"id":5,"role":"user","username":"salabim"}
[2026-01-07 20:12:26] Using logged-in user ID: 5
[2026-01-07 20:12:26] Final user_id: 5
[2026-01-07 20:12:26] Action: count
[2026-01-07 20:12:34] === NEW REQUEST ==={"action":"get"}
[2026-01-07 20:12:34] Getting current user ID...
[2026-01-07 20:12:34] Session data: {"guest_id":96,"user":5,"user_id":5,"user_name":"salabim","username":"salambim","email":"salambim@example.com","role":"user","logged_in":true,"success":"\u2705 Login berhasil! Selamat datang salabim"}
[2026-01-07 20:12:34] get_user_info() returned: {"id":5,"role":"user","username":"salabim"}
[2026-01-07 20:12:34] Using logged-in user ID: 5
[2026-01-07 20:12:34] Final user_id: 5
[2026-01-07 20:12:34] Action: get
[2026-01-07 20:12:34] Getting cart items for user_id: 5
[2026-01-07 20:12:34] Cart items count: 0
[2026-01-07 20:12:34] === NEW REQUEST ==={"action":"count"}
[2026-01-07 20:12:34] Getting current user ID...
[2026-01-07 20:12:34] Session data: {"guest_id":96,"user":5,"user_id":5,"user_name":"salabim","username":"salambim","email":"salambim@example.com","role":"user","logged_in":true,"success":"\u2705 Login berhasil! Selamat datang salabim"}
[2026-01-07 20:12:34] get_user_info() returned: {"id":5,"role":"user","username":"salabim"}
[2026-01-07 20:12:34] Using logged-in user ID: 5
[2026-01-07 20:12:34] Final user_id: 5
[2026-01-07 20:12:34] Action: count
[2026-01-07 20:12:34] === NEW REQUEST ==={"action":"count"}
[2026-01-07 20:12:34] Getting current user ID...
[2026-01-07 20:12:34] Session data: {"guest_id":96,"user":5,"user_id":5,"user_name":"salabim","username":"salambim","email":"salambim@example.com","role":"user","logged_in":true,"success":"\u2705 Login berhasil! Selamat datang salabim"}
[2026-01-07 20:12:34] get_user_info() returned: {"id":5,"role":"user","username":"salabim"}
[2026-01-07 20:12:34] Using logged-in user ID: 5
[2026-01-07 20:12:34] Final user_id: 5
[2026-01-07 20:12:34] Action: count
[2026-01-07 20:13:34] === NEW REQUEST ==={"action":"count"}
[2026-01-07 20:13:34] Getting current user ID...
[2026-01-07 20:13:34] Session data: {"guest_id":96,"user":5,"user_id":5,"user_name":"salabim","username":"salambim","email":"salambim@example.com","role":"user","logged_in":true,"success":"\u2705 Login berhasil! Selamat datang salabim"}
[2026-01-07 20:13:34] get_user_info() returned: {"id":5,"role":"user","username":"salabim"}
[2026-01-07 20:13:34] Using logged-in user ID: 5
[2026-01-07 20:13:34] Final user_id: 5
[2026-01-07 20:13:34] Action: count
[2026-01-07 20:13:34] === NEW REQUEST ==={"action":"count"}
[2026-01-07 20:13:34] Getting current user ID...
[2026-01-07 20:13:34] Session data: {"guest_id":96,"user":5,"user_id":5,"user_name":"salabim","username":"salambim","email":"salambim@example.com","role":"user","logged_in":true,"success":"\u2705 Login berhasil! Selamat datang salabim"}
[2026-01-07 20:13:34] get_user_info() returned: {"id":5,"role":"user","username":"salabim"}
[2026-01-07 20:13:34] Using logged-in user ID: 5
[2026-01-07 20:13:34] Final user_id: 5
[2026-01-07 20:13:34] Action: count
[2026-01-07 20:14:42] === NEW REQUEST ==={"action":"count"}
[2026-01-07 20:14:42] Getting current user ID...
[2026-01-07 20:14:42] Session data: {"guest_id":96,"user":5,"user_id":5,"user_name":"salabim","username":"salambim","email":"salambim@example.com","role":"user","logged_in":true,"success":"\u2705 Login berhasil! Selamat datang salabim"}
[2026-01-07 20:14:42] get_user_info() returned: {"id":5,"role":"user","username":"salabim"}
[2026-01-07 20:14:42] Using logged-in user ID: 5
[2026-01-07 20:14:42] Final user_id: 5
[2026-01-07 20:14:42] Action: count
[2026-01-07 20:14:42] === NEW REQUEST ==={"action":"count"}
[2026-01-07 20:14:42] Getting current user ID...
[2026-01-07 20:14:42] Session data: {"guest_id":96,"user":5,"user_id":5,"user_name":"salabim","username":"salambim","email":"salambim@example.com","role":"user","logged_in":true,"success":"\u2705 Login berhasil! Selamat datang salabim"}
[2026-01-07 20:14:42] get_user_info() returned: {"id":5,"role":"user","username":"salabim"}
[2026-01-07 20:14:42] Using logged-in user ID: 5
[2026-01-07 20:14:42] Final user_id: 5
[2026-01-07 20:14:42] Action: count
[2026-01-07 20:15:33] === NEW REQUEST ==={"action":"count"}
[2026-01-07 20:15:33] Getting current user ID...
[2026-01-07 20:15:33] Session data: {"guest_id":96,"user":5,"user_id":5,"user_name":"salabim","username":"salambim","email":"salambim@example.com","role":"user","logged_in":true,"success":"\u2705 Login berhasil! Selamat datang salabim"}
[2026-01-07 20:15:33] get_user_info() returned: {"id":5,"role":"user","username":"salabim"}
[2026-01-07 20:15:33] Using logged-in user ID: 5
[2026-01-07 20:15:33] Final user_id: 5
[2026-01-07 20:15:33] Action: count
[2026-01-07 20:15:33] === NEW REQUEST ==={"action":"count"}
[2026-01-07 20:15:33] Getting current user ID...
[2026-01-07 20:15:33] Session data: {"guest_id":96,"user":5,"user_id":5,"user_name":"salabim","username":"salambim","email":"salambim@example.com","role":"user","logged_in":true,"success":"\u2705 Login berhasil! Selamat datang salabim"}
[2026-01-07 20:15:33] get_user_info() returned: {"id":5,"role":"user","username":"salabim"}
[2026-01-07 20:15:33] Using logged-in user ID: 5
[2026-01-07 20:15:33] Final user_id: 5
[2026-01-07 20:15:33] Action: count
[2026-01-07 20:15:36] === NEW REQUEST ==={"action":"count"}
[2026-01-07 20:15:36] Getting current user ID...
[2026-01-07 20:15:36] Session data: {"guest_id":96,"user":5,"user_id":5,"user_name":"salabim","username":"salambim","email":"salambim@example.com","role":"user","logged_in":true,"success":"\u2705 Login berhasil! Selamat datang salabim"}
[2026-01-07 20:15:36] get_user_info() returned: {"id":5,"role":"user","username":"salabim"}
[2026-01-07 20:15:36] Using logged-in user ID: 5
[2026-01-07 20:15:36] Final user_id: 5
[2026-01-07 20:15:36] Action: count
[2026-01-07 20:15:36] === NEW REQUEST ==={"action":"count"}
[2026-01-07 20:15:36] Getting current user ID...
[2026-01-07 20:15:36] Session data: {"guest_id":96,"user":5,"user_id":5,"user_name":"salabim","username":"salambim","email":"salambim@example.com","role":"user","logged_in":true,"success":"\u2705 Login berhasil! Selamat datang salabim"}
[2026-01-07 20:15:36] get_user_info() returned: {"id":5,"role":"user","username":"salabim"}
[2026-01-07 20:15:36] Using logged-in user ID: 5
[2026-01-07 20:15:36] Final user_id: 5
[2026-01-07 20:15:36] Action: count
[2026-01-07 20:15:39] === NEW REQUEST ==={"action":"get"}
[2026-01-07 20:15:39] Getting current user ID...
[2026-01-07 20:15:39] Session data: {"guest_id":96,"user":5,"user_id":5,"user_name":"salabim","username":"salambim","email":"salambim@example.com","role":"user","logged_in":true,"success":"\u2705 Login berhasil! Selamat datang salabim"}
[2026-01-07 20:15:39] get_user_info() returned: {"id":5,"role":"user","username":"salabim"}
[2026-01-07 20:15:39] Using logged-in user ID: 5
[2026-01-07 20:15:39] Final user_id: 5
[2026-01-07 20:15:39] Action: get
[2026-01-07 20:15:39] Getting cart items for user_id: 5
[2026-01-07 20:15:39] Cart items count: 0
[2026-01-07 20:15:39] === NEW REQUEST ==={"action":"count"}
[2026-01-07 20:15:39] Getting current user ID...
[2026-01-07 20:15:39] Session data: {"guest_id":96,"user":5,"user_id":5,"user_name":"salabim","username":"salambim","email":"salambim@example.com","role":"user","logged_in":true,"success":"\u2705 Login berhasil! Selamat datang salabim"}
[2026-01-07 20:15:39] get_user_info() returned: {"id":5,"role":"user","username":"salabim"}
[2026-01-07 20:15:39] Using logged-in user ID: 5
[2026-01-07 20:15:39] Final user_id: 5
[2026-01-07 20:15:39] Action: count
[2026-01-07 20:15:39] === NEW REQUEST ==={"action":"count"}
[2026-01-07 20:15:39] Getting current user ID...
[2026-01-07 20:15:39] Session data: {"guest_id":96,"user":5,"user_id":5,"user_name":"salabim","username":"salambim","email":"salambim@example.com","role":"user","logged_in":true,"success":"\u2705 Login berhasil! Selamat datang salabim"}
[2026-01-07 20:15:39] get_user_info() returned: {"id":5,"role":"user","username":"salabim"}
[2026-01-07 20:15:39] Using logged-in user ID: 5
[2026-01-07 20:15:39] Final user_id: 5
[2026-01-07 20:15:39] Action: count
[2026-01-07 20:15:40] === NEW REQUEST ==={"action":"count"}
[2026-01-07 20:15:40] Getting current user ID...
[2026-01-07 20:15:40] Session data: {"guest_id":96,"user":5,"user_id":5,"user_name":"salabim","username":"salambim","email":"salambim@example.com","role":"user","logged_in":true,"success":"\u2705 Login berhasil! Selamat datang salabim"}
[2026-01-07 20:15:40] get_user_info() returned: {"id":5,"role":"user","username":"salabim"}
[2026-01-07 20:15:40] Using logged-in user ID: 5
[2026-01-07 20:15:40] Final user_id: 5
[2026-01-07 20:15:40] Action: count
[2026-01-07 20:15:40] === NEW REQUEST ==={"action":"count"}
[2026-01-07 20:15:40] Getting current user ID...
[2026-01-07 20:15:40] Session data: {"guest_id":96,"user":5,"user_id":5,"user_name":"salabim","username":"salambim","email":"salambim@example.com","role":"user","logged_in":true,"success":"\u2705 Login berhasil! Selamat datang salabim"}
[2026-01-07 20:15:40] get_user_info() returned: {"id":5,"role":"user","username":"salabim"}
[2026-01-07 20:15:40] Using logged-in user ID: 5
[2026-01-07 20:15:40] Final user_id: 5
[2026-01-07 20:15:40] Action: count
[2026-01-07 20:15:42] === NEW REQUEST ==={"action":"count"}
[2026-01-07 20:15:42] Getting current user ID...
[2026-01-07 20:15:42] Session data: {"guest_id":96,"user":5,"user_id":5,"user_name":"salabim","username":"salambim","email":"salambim@example.com","role":"user","logged_in":true,"success":"\u2705 Login berhasil! Selamat datang salabim"}
[2026-01-07 20:15:42] get_user_info() returned: {"id":5,"role":"user","username":"salabim"}
[2026-01-07 20:15:42] Using logged-in user ID: 5
[2026-01-07 20:15:42] Final user_id: 5
[2026-01-07 20:15:42] Action: count
[2026-01-07 20:15:42] === NEW REQUEST ==={"action":"count"}
[2026-01-07 20:15:42] Getting current user ID...
[2026-01-07 20:15:42] Session data: {"guest_id":96,"user":5,"user_id":5,"user_name":"salabim","username":"salambim","email":"salambim@example.com","role":"user","logged_in":true,"success":"\u2705 Login berhasil! Selamat datang salabim"}
[2026-01-07 20:15:42] get_user_info() returned: {"id":5,"role":"user","username":"salabim"}
[2026-01-07 20:15:42] Using logged-in user ID: 5
[2026-01-07 20:15:42] Final user_id: 5
[2026-01-07 20:15:42] Action: count
[2026-01-07 20:15:43] === NEW REQUEST ==={"action":"add"}
[2026-01-07 20:15:43] Getting current user ID...
[2026-01-07 20:15:43] Session data: {"guest_id":96,"user":5,"user_id":5,"user_name":"salabim","username":"salambim","email":"salambim@example.com","role":"user","logged_in":true,"success":"\u2705 Login berhasil! Selamat datang salabim"}
[2026-01-07 20:15:43] get_user_info() returned: {"id":5,"role":"user","username":"salabim"}
[2026-01-07 20:15:43] Using logged-in user ID: 5
[2026-01-07 20:15:43] Final user_id: 5
[2026-01-07 20:15:43] Action: add
[2026-01-07 20:15:43] Raw input: {"id_produk":13,"quantity":1}
[2026-01-07 20:15:43] id_produk: 13, qty: 1, user_id: 5
[2026-01-07 20:15:43] Product check result: {"stok":16}
[2026-01-07 20:15:43] Item exists in cart: no
[2026-01-07 20:15:43] Inserting new item to cart: id_user=5, id_produk=13, qty=1
[2026-01-07 20:15:43] Insert executed: success, error: 
[2026-01-07 20:15:43] Last insert ID: 30
[2026-01-07 20:15:43] SUCCESS: New item added to cart
[2026-01-07 20:15:43] === NEW REQUEST ==={"action":"count"}
[2026-01-07 20:15:43] Getting current user ID...
[2026-01-07 20:15:43] Session data: {"guest_id":96,"user":5,"user_id":5,"user_name":"salabim","username":"salambim","email":"salambim@example.com","role":"user","logged_in":true,"success":"\u2705 Login berhasil! Selamat datang salabim"}
[2026-01-07 20:15:43] get_user_info() returned: {"id":5,"role":"user","username":"salabim"}
[2026-01-07 20:15:43] Using logged-in user ID: 5
[2026-01-07 20:15:43] Final user_id: 5
[2026-01-07 20:15:43] Action: count
[2026-01-07 20:15:44] === NEW REQUEST ==={"action":"count"}
[2026-01-07 20:15:44] Getting current user ID...
[2026-01-07 20:15:44] Session data: {"guest_id":96,"user":5,"user_id":5,"user_name":"salabim","username":"salambim","email":"salambim@example.com","role":"user","logged_in":true,"success":"\u2705 Login berhasil! Selamat datang salabim"}
[2026-01-07 20:15:44] get_user_info() returned: {"id":5,"role":"user","username":"salabim"}
[2026-01-07 20:15:44] Using logged-in user ID: 5
[2026-01-07 20:15:44] Final user_id: 5
[2026-01-07 20:15:44] Action: count
[2026-01-07 20:15:44] === NEW REQUEST ==={"action":"get"}
[2026-01-07 20:15:44] Getting current user ID...
[2026-01-07 20:15:44] Session data: {"guest_id":96,"user":5,"user_id":5,"user_name":"salabim","username":"salambim","email":"salambim@example.com","role":"user","logged_in":true,"success":"\u2705 Login berhasil! Selamat datang salabim"}
[2026-01-07 20:15:44] get_user_info() returned: {"id":5,"role":"user","username":"salabim"}
[2026-01-07 20:15:44] Using logged-in user ID: 5
[2026-01-07 20:15:44] Final user_id: 5
[2026-01-07 20:15:44] Action: get
[2026-01-07 20:15:44] Getting cart items for user_id: 5
[2026-01-07 20:15:44] Cart items count: 1
[2026-01-07 20:15:44] === NEW REQUEST ==={"action":"count"}
[2026-01-07 20:15:44] Getting current user ID...
[2026-01-07 20:15:44] Session data: {"guest_id":96,"user":5,"user_id":5,"user_name":"salabim","username":"salambim","email":"salambim@example.com","role":"user","logged_in":true,"success":"\u2705 Login berhasil! Selamat datang salabim"}
[2026-01-07 20:15:44] get_user_info() returned: {"id":5,"role":"user","username":"salabim"}
[2026-01-07 20:15:44] Using logged-in user ID: 5
[2026-01-07 20:15:44] Final user_id: 5
[2026-01-07 20:15:44] Action: count
[2026-01-07 20:17:30] === NEW REQUEST ==={"action":"count"}
[2026-01-07 20:17:30] Getting current user ID...
[2026-01-07 20:17:30] Session data: {"guest_id":96,"user":5,"user_id":5,"user_name":"salabim","username":"salambim","email":"salambim@example.com","role":"user","logged_in":true,"success":"\u2705 Login berhasil! Selamat datang salabim"}
[2026-01-07 20:17:30] get_user_info() returned: {"id":5,"role":"user","username":"salabim"}
[2026-01-07 20:17:30] Using logged-in user ID: 5
[2026-01-07 20:17:30] Final user_id: 5
[2026-01-07 20:17:30] Action: count
[2026-01-07 20:17:30] === NEW REQUEST ==={"action":"count"}
[2026-01-07 20:17:30] Getting current user ID...
[2026-01-07 20:17:30] Session data: {"guest_id":96,"user":5,"user_id":5,"user_name":"salabim","username":"salambim","email":"salambim@example.com","role":"user","logged_in":true,"success":"\u2705 Login berhasil! Selamat datang salabim"}
[2026-01-07 20:17:30] get_user_info() returned: {"id":5,"role":"user","username":"salabim"}
[2026-01-07 20:17:30] Using logged-in user ID: 5
[2026-01-07 20:17:30] Final user_id: 5
[2026-01-07 20:17:30] Action: count
[2026-01-07 20:17:32] === NEW REQUEST ==={"action":"count"}
[2026-01-07 20:17:32] Getting current user ID...
[2026-01-07 20:17:32] Session data: {"guest_id":96,"user":5,"user_id":5,"user_name":"salabim","username":"salambim","email":"salambim@example.com","role":"user","logged_in":true,"success":"\u2705 Login berhasil! Selamat datang salabim"}
[2026-01-07 20:17:32] get_user_info() returned: {"id":5,"role":"user","username":"salabim"}
[2026-01-07 20:17:32] Using logged-in user ID: 5
[2026-01-07 20:17:32] Final user_id: 5
[2026-01-07 20:17:32] Action: count
[2026-01-07 20:17:32] === NEW REQUEST ==={"action":"count"}
[2026-01-07 20:17:32] Getting current user ID...
[2026-01-07 20:17:32] Session data: {"guest_id":96,"user":5,"user_id":5,"user_name":"salabim","username":"salambim","email":"salambim@example.com","role":"user","logged_in":true,"success":"\u2705 Login berhasil! Selamat datang salabim"}
[2026-01-07 20:17:32] get_user_info() returned: {"id":5,"role":"user","username":"salabim"}
[2026-01-07 20:17:32] Using logged-in user ID: 5
[2026-01-07 20:17:32] Final user_id: 5
[2026-01-07 20:17:32] Action: count
[2026-01-07 20:17:35] === NEW REQUEST ==={"action":"count"}
[2026-01-07 20:17:35] Getting current user ID...
[2026-01-07 20:17:35] Session data: {"guest_id":96,"user":5,"user_id":5,"user_name":"salabim","username":"salambim","email":"salambim@example.com","role":"user","logged_in":true,"success":"\u2705 Login berhasil! Selamat datang salabim"}
[2026-01-07 20:17:35] get_user_info() returned: {"id":5,"role":"user","username":"salabim"}
[2026-01-07 20:17:35] Using logged-in user ID: 5
[2026-01-07 20:17:35] Final user_id: 5
[2026-01-07 20:17:35] Action: count
[2026-01-07 20:17:35] === NEW REQUEST ==={"action":"count"}
[2026-01-07 20:17:35] Getting current user ID...
[2026-01-07 20:17:35] Session data: {"guest_id":96,"user":5,"user_id":5,"user_name":"salabim","username":"salambim","email":"salambim@example.com","role":"user","logged_in":true,"success":"\u2705 Login berhasil! Selamat datang salabim"}
[2026-01-07 20:17:35] get_user_info() returned: {"id":5,"role":"user","username":"salabim"}
[2026-01-07 20:17:35] Using logged-in user ID: 5
[2026-01-07 20:17:35] Final user_id: 5
[2026-01-07 20:17:35] Action: count
[2026-01-07 20:17:45] === NEW REQUEST ==={"action":"get"}
[2026-01-07 20:17:45] Getting current user ID...
[2026-01-07 20:17:45] Session data: {"guest_id":96,"user":5,"user_id":5,"user_name":"salabim","username":"salambim","email":"salambim@example.com","role":"user","logged_in":true,"success":"\u2705 Login berhasil! Selamat datang salabim"}
[2026-01-07 20:17:45] get_user_info() returned: {"id":5,"role":"user","username":"salabim"}
[2026-01-07 20:17:45] Using logged-in user ID: 5
[2026-01-07 20:17:45] Final user_id: 5
[2026-01-07 20:17:45] Action: get
[2026-01-07 20:17:45] Getting cart items for user_id: 5
[2026-01-07 20:17:45] Cart items count: 1
[2026-01-07 20:17:45] === NEW REQUEST ==={"action":"count"}
[2026-01-07 20:17:45] Getting current user ID...
[2026-01-07 20:17:45] Session data: {"guest_id":96,"user":5,"user_id":5,"user_name":"salabim","username":"salambim","email":"salambim@example.com","role":"user","logged_in":true,"success":"\u2705 Login berhasil! Selamat datang salabim"}
[2026-01-07 20:17:45] get_user_info() returned: {"id":5,"role":"user","username":"salabim"}
[2026-01-07 20:17:45] Using logged-in user ID: 5
[2026-01-07 20:17:45] Final user_id: 5
[2026-01-07 20:17:45] Action: count
[2026-01-07 20:17:45] === NEW REQUEST ==={"action":"count"}
[2026-01-07 20:17:45] Getting current user ID...
[2026-01-07 20:17:45] Session data: {"guest_id":96,"user":5,"user_id":5,"user_name":"salabim","username":"salambim","email":"salambim@example.com","role":"user","logged_in":true,"success":"\u2705 Login berhasil! Selamat datang salabim"}
[2026-01-07 20:17:45] get_user_info() returned: {"id":5,"role":"user","username":"salabim"}
[2026-01-07 20:17:45] Using logged-in user ID: 5
[2026-01-07 20:17:45] Final user_id: 5
[2026-01-07 20:17:45] Action: count
[2026-01-07 20:17:51] === NEW REQUEST ==={"action":"count"}
[2026-01-07 20:17:51] Getting current user ID...
[2026-01-07 20:17:51] Session data: {"guest_id":96,"user":5,"user_id":5,"user_name":"salabim","username":"salambim","email":"salambim@example.com","role":"user","logged_in":true,"success":"\u2705 Login berhasil! Selamat datang salabim"}
[2026-01-07 20:17:51] get_user_info() returned: {"id":5,"role":"user","username":"salabim"}
[2026-01-07 20:17:51] Using logged-in user ID: 5
[2026-01-07 20:17:51] Final user_id: 5
[2026-01-07 20:17:51] Action: count
[2026-01-07 20:17:51] === NEW REQUEST ==={"action":"get"}
[2026-01-07 20:17:51] Getting current user ID...
[2026-01-07 20:17:51] Session data: {"guest_id":96,"user":5,"user_id":5,"user_name":"salabim","username":"salambim","email":"salambim@example.com","role":"user","logged_in":true,"success":"\u2705 Login berhasil! Selamat datang salabim"}
[2026-01-07 20:17:51] get_user_info() returned: {"id":5,"role":"user","username":"salabim"}
[2026-01-07 20:17:51] Using logged-in user ID: 5
[2026-01-07 20:17:51] Final user_id: 5
[2026-01-07 20:17:51] Action: get
[2026-01-07 20:17:51] Getting cart items for user_id: 5
[2026-01-07 20:17:51] Cart items count: 1
[2026-01-07 20:17:51] === NEW REQUEST ==={"action":"count"}
[2026-01-07 20:17:51] Getting current user ID...
[2026-01-07 20:17:51] Session data: {"guest_id":96,"user":5,"user_id":5,"user_name":"salabim","username":"salambim","email":"salambim@example.com","role":"user","logged_in":true,"success":"\u2705 Login berhasil! Selamat datang salabim"}
[2026-01-07 20:17:51] get_user_info() returned: {"id":5,"role":"user","username":"salabim"}
[2026-01-07 20:17:51] Using logged-in user ID: 5
[2026-01-07 20:17:51] Final user_id: 5
[2026-01-07 20:17:51] Action: count
[2026-01-07 20:22:22] === NEW REQUEST ==={"action":"count"}
[2026-01-07 20:22:22] Getting current user ID...
[2026-01-07 20:22:22] Session data: {"guest_id":96,"user":5,"user_id":5,"user_name":"salabim","username":"salambim","email":"salambim@example.com","role":"user","logged_in":true,"success":"\u2705 Login berhasil! Selamat datang salabim"}
[2026-01-07 20:22:22] get_user_info() returned: {"id":5,"role":"user","username":"salabim"}
[2026-01-07 20:22:22] Using logged-in user ID: 5
[2026-01-07 20:22:22] Final user_id: 5
[2026-01-07 20:22:22] Action: count
[2026-01-07 20:22:22] === NEW REQUEST ==={"action":"get"}
[2026-01-07 20:22:22] Getting current user ID...
[2026-01-07 20:22:22] Session data: {"guest_id":96,"user":5,"user_id":5,"user_name":"salabim","username":"salambim","email":"salambim@example.com","role":"user","logged_in":true,"success":"\u2705 Login berhasil! Selamat datang salabim"}
[2026-01-07 20:22:22] get_user_info() returned: {"id":5,"role":"user","username":"salabim"}
[2026-01-07 20:22:22] Using logged-in user ID: 5
[2026-01-07 20:22:22] Final user_id: 5
[2026-01-07 20:22:22] Action: get
[2026-01-07 20:22:22] Getting cart items for user_id: 5
[2026-01-07 20:22:22] Cart items count: 1
[2026-01-07 20:22:22] === NEW REQUEST ==={"action":"count"}
[2026-01-07 20:22:22] Getting current user ID...
[2026-01-07 20:22:22] Session data: {"guest_id":96,"user":5,"user_id":5,"user_name":"salabim","username":"salambim","email":"salambim@example.com","role":"user","logged_in":true,"success":"\u2705 Login berhasil! Selamat datang salabim"}
[2026-01-07 20:22:22] get_user_info() returned: {"id":5,"role":"user","username":"salabim"}
[2026-01-07 20:22:22] Using logged-in user ID: 5
[2026-01-07 20:22:22] Final user_id: 5
[2026-01-07 20:22:22] Action: count
[2026-01-07 20:22:27] === NEW REQUEST ==={"action":"count"}
[2026-01-07 20:22:27] Getting current user ID...
[2026-01-07 20:22:27] Session data: {"guest_id":96,"user":5,"user_id":5,"user_name":"salabim","username":"salambim","email":"salambim@example.com","role":"user","logged_in":true,"success":"\u2705 Login berhasil! Selamat datang salabim"}
[2026-01-07 20:22:27] get_user_info() returned: {"id":5,"role":"user","username":"salabim"}
[2026-01-07 20:22:27] Using logged-in user ID: 5
[2026-01-07 20:22:27] Final user_id: 5
[2026-01-07 20:22:27] Action: count
[2026-01-07 20:22:27] === NEW REQUEST ==={"action":"count"}
[2026-01-07 20:22:27] Getting current user ID...
[2026-01-07 20:22:27] Session data: {"guest_id":96,"user":5,"user_id":5,"user_name":"salabim","username":"salambim","email":"salambim@example.com","role":"user","logged_in":true,"success":"\u2705 Login berhasil! Selamat datang salabim"}
[2026-01-07 20:22:27] get_user_info() returned: {"id":5,"role":"user","username":"salabim"}
[2026-01-07 20:22:27] Using logged-in user ID: 5
[2026-01-07 20:22:27] Final user_id: 5
[2026-01-07 20:22:27] Action: count
[2026-01-07 20:22:29] === NEW REQUEST ==={"action":"count"}
[2026-01-07 20:22:29] Getting current user ID...
[2026-01-07 20:22:29] Session data: {"guest_id":96,"user":5,"user_id":5,"user_name":"salabim","username":"salambim","email":"salambim@example.com","role":"user","logged_in":true,"success":"\u2705 Login berhasil! Selamat datang salabim"}
[2026-01-07 20:22:29] get_user_info() returned: {"id":5,"role":"user","username":"salabim"}
[2026-01-07 20:22:29] Using logged-in user ID: 5
[2026-01-07 20:22:29] Final user_id: 5
[2026-01-07 20:22:29] Action: count
[2026-01-07 20:22:29] === NEW REQUEST ==={"action":"count"}
[2026-01-07 20:22:29] Getting current user ID...
[2026-01-07 20:22:29] Session data: {"guest_id":96,"user":5,"user_id":5,"user_name":"salabim","username":"salambim","email":"salambim@example.com","role":"user","logged_in":true,"success":"\u2705 Login berhasil! Selamat datang salabim"}
[2026-01-07 20:22:29] get_user_info() returned: {"id":5,"role":"user","username":"salabim"}
[2026-01-07 20:22:29] Using logged-in user ID: 5
[2026-01-07 20:22:29] Final user_id: 5
[2026-01-07 20:22:29] Action: count
[2026-01-07 20:22:34] === NEW REQUEST ==={"action":"count"}
[2026-01-07 20:22:34] Getting current user ID...
[2026-01-07 20:22:34] Session data: {"guest_id":96,"user":5,"user_id":5,"user_name":"salabim","username":"salambim","email":"salambim@example.com","role":"user","logged_in":true,"success":"\u2705 Login berhasil! Selamat datang salabim"}
[2026-01-07 20:22:34] get_user_info() returned: {"id":5,"role":"user","username":"salabim"}
[2026-01-07 20:22:34] Using logged-in user ID: 5
[2026-01-07 20:22:34] Final user_id: 5
[2026-01-07 20:22:34] Action: count
[2026-01-07 20:22:34] === NEW REQUEST ==={"action":"count"}
[2026-01-07 20:22:34] Getting current user ID...
[2026-01-07 20:22:34] Session data: {"guest_id":96,"user":5,"user_id":5,"user_name":"salabim","username":"salambim","email":"salambim@example.com","role":"user","logged_in":true,"success":"\u2705 Login berhasil! Selamat datang salabim"}
[2026-01-07 20:22:34] get_user_info() returned: {"id":5,"role":"user","username":"salabim"}
[2026-01-07 20:22:34] Using logged-in user ID: 5
[2026-01-07 20:22:34] Final user_id: 5
[2026-01-07 20:22:34] Action: count
[2026-01-07 20:24:38] === NEW REQUEST ==={"action":"count"}
[2026-01-07 20:24:38] Getting current user ID...
[2026-01-07 20:24:38] Session data: {"guest_id":96,"user":5,"user_id":5,"user_name":"salabim","username":"salambim","email":"salambim@example.com","role":"user","logged_in":true,"success":"\u2705 Login berhasil! Selamat datang salabim"}
[2026-01-07 20:24:38] get_user_info() returned: {"id":5,"role":"user","username":"salabim"}
[2026-01-07 20:24:38] Using logged-in user ID: 5
[2026-01-07 20:24:38] Final user_id: 5
[2026-01-07 20:24:38] Action: count
[2026-01-07 20:24:38] === NEW REQUEST ==={"action":"count"}
[2026-01-07 20:24:38] Getting current user ID...
[2026-01-07 20:24:38] Session data: {"guest_id":96,"user":5,"user_id":5,"user_name":"salabim","username":"salambim","email":"salambim@example.com","role":"user","logged_in":true,"success":"\u2705 Login berhasil! Selamat datang salabim"}
[2026-01-07 20:24:38] get_user_info() returned: {"id":5,"role":"user","username":"salabim"}
[2026-01-07 20:24:38] Using logged-in user ID: 5
[2026-01-07 20:24:38] Final user_id: 5
[2026-01-07 20:24:38] Action: count
[2026-01-07 20:26:55] === NEW REQUEST === {"action":"count"}
[2026-01-07 20:26:55] Getting current user ID...
[2026-01-07 20:26:55] get_user_info() returned: {"id":5,"role":"user","username":"salabim"}
[2026-01-07 20:26:55] Using logged-in user ID: 5
[2026-01-07 20:26:55] Final user_id: 5
[2026-01-07 20:26:55] Action: count
[2026-01-07 20:26:55] === NEW REQUEST === {"action":"count"}
[2026-01-07 20:26:55] Getting current user ID...
[2026-01-07 20:26:55] get_user_info() returned: {"id":5,"role":"user","username":"salabim"}
[2026-01-07 20:26:55] Using logged-in user ID: 5
[2026-01-07 20:26:55] Final user_id: 5
[2026-01-07 20:26:55] Action: count
[2026-01-07 20:26:55] === NEW REQUEST === {"action":"count"}
[2026-01-07 20:26:55] Getting current user ID...
[2026-01-07 20:26:55] get_user_info() returned: {"id":5,"role":"user","username":"salabim"}
[2026-01-07 20:26:55] Using logged-in user ID: 5
[2026-01-07 20:26:55] Final user_id: 5
[2026-01-07 20:26:55] Action: count
[2026-01-07 20:26:55] === NEW REQUEST === {"action":"count"}
[2026-01-07 20:26:55] Getting current user ID...
[2026-01-07 20:26:55] get_user_info() returned: {"id":5,"role":"user","username":"salabim"}
[2026-01-07 20:26:55] Using logged-in user ID: 5
[2026-01-07 20:26:55] Final user_id: 5
[2026-01-07 20:26:55] Action: count
[2026-01-07 20:26:55] === NEW REQUEST === {"action":"count"}
[2026-01-07 20:26:55] Getting current user ID...
[2026-01-07 20:26:55] get_user_info() returned: {"id":5,"role":"user","username":"salabim"}
[2026-01-07 20:26:55] Using logged-in user ID: 5
[2026-01-07 20:26:55] Final user_id: 5
[2026-01-07 20:26:55] Action: count
[2026-01-07 20:26:55] === NEW REQUEST === {"action":"count"}
[2026-01-07 20:26:55] Getting current user ID...
[2026-01-07 20:26:55] get_user_info() returned: {"id":5,"role":"user","username":"salabim"}
[2026-01-07 20:26:55] Using logged-in user ID: 5
[2026-01-07 20:26:55] Final user_id: 5
[2026-01-07 20:26:55] Action: count
[2026-01-07 20:26:55] === NEW REQUEST === {"action":"count"}
[2026-01-07 20:26:55] Getting current user ID...
[2026-01-07 20:26:55] get_user_info() returned: {"id":5,"role":"user","username":"salabim"}
[2026-01-07 20:26:55] Using logged-in user ID: 5
[2026-01-07 20:26:55] Final user_id: 5
[2026-01-07 20:26:55] Action: count
[2026-01-07 20:26:55] === NEW REQUEST === {"action":"count"}
[2026-01-07 20:26:55] Getting current user ID...
[2026-01-07 20:26:55] get_user_info() returned: {"id":5,"role":"user","username":"salabim"}
[2026-01-07 20:26:55] Using logged-in user ID: 5
[2026-01-07 20:26:55] Final user_id: 5
[2026-01-07 20:26:55] Action: count
[2026-01-07 20:26:55] === NEW REQUEST === {"action":"count"}
[2026-01-07 20:26:55] Getting current user ID...
[2026-01-07 20:26:55] get_user_info() returned: {"id":5,"role":"user","username":"salabim"}
[2026-01-07 20:26:55] Using logged-in user ID: 5
[2026-01-07 20:26:55] Final user_id: 5
[2026-01-07 20:26:55] Action: count
[2026-01-07 20:26:55] === NEW REQUEST === {"action":"count"}
[2026-01-07 20:26:55] Getting current user ID...
[2026-01-07 20:26:55] get_user_info() returned: {"id":5,"role":"user","username":"salabim"}
[2026-01-07 20:26:55] Using logged-in user ID: 5
[2026-01-07 20:26:55] Final user_id: 5
[2026-01-07 20:26:55] Action: count
[2026-01-07 20:26:56] === NEW REQUEST === {"action":"count"}
[2026-01-07 20:26:56] Getting current user ID...
[2026-01-07 20:26:56] get_user_info() returned: {"id":5,"role":"user","username":"salabim"}
[2026-01-07 20:26:56] Using logged-in user ID: 5
[2026-01-07 20:26:56] Final user_id: 5
[2026-01-07 20:26:56] Action: count
[2026-01-07 20:26:56] === NEW REQUEST === {"action":"count"}
[2026-01-07 20:26:56] Getting current user ID...
[2026-01-07 20:26:56] get_user_info() returned: {"id":5,"role":"user","username":"salabim"}
[2026-01-07 20:26:56] Using logged-in user ID: 5
[2026-01-07 20:26:56] Final user_id: 5
[2026-01-07 20:26:56] Action: count
[2026-01-07 20:29:25] === NEW REQUEST === {"action":"get"}
[2026-01-07 20:29:25] Getting current user ID...
[2026-01-07 20:29:25] get_user_info() returned: {"id":5,"role":"user","username":"salabim"}
[2026-01-07 20:29:25] Using logged-in user ID: 5
[2026-01-07 20:29:25] Final user_id: 5
[2026-01-07 20:29:25] Action: get
[2026-01-07 20:29:25] Getting cart items for user_id: 5
[2026-01-07 20:29:25] Cart items count: 1
[2026-01-07 20:29:25] === NEW REQUEST === {"action":"count"}
[2026-01-07 20:29:25] Getting current user ID...
[2026-01-07 20:29:25] get_user_info() returned: {"id":5,"role":"user","username":"salabim"}
[2026-01-07 20:29:25] Using logged-in user ID: 5
[2026-01-07 20:29:25] Final user_id: 5
[2026-01-07 20:29:25] Action: count
[2026-01-07 20:29:25] === NEW REQUEST === {"action":"count"}
[2026-01-07 20:29:25] Getting current user ID...
[2026-01-07 20:29:25] get_user_info() returned: {"id":5,"role":"user","username":"salabim"}
[2026-01-07 20:29:25] Using logged-in user ID: 5
[2026-01-07 20:29:25] Final user_id: 5
[2026-01-07 20:29:25] Action: count
[2026-01-07 20:29:32] === NEW REQUEST === {"action":"count"}
[2026-01-07 20:29:32] Getting current user ID...
[2026-01-07 20:29:32] get_user_info() returned: {"id":5,"role":"user","username":"salabim"}
[2026-01-07 20:29:32] Using logged-in user ID: 5
[2026-01-07 20:29:32] Final user_id: 5
[2026-01-07 20:29:32] Action: count
[2026-01-07 20:29:32] === NEW REQUEST === {"action":"count"}
[2026-01-07 20:29:32] Getting current user ID...
[2026-01-07 20:29:32] get_user_info() returned: {"id":5,"role":"user","username":"salabim"}
[2026-01-07 20:29:32] Using logged-in user ID: 5
[2026-01-07 20:29:32] Final user_id: 5
[2026-01-07 20:29:32] Action: count
[2026-01-07 20:29:33] === NEW REQUEST === {"action":"count"}
[2026-01-07 20:29:33] Getting current user ID...
[2026-01-07 20:29:33] get_user_info() returned: {"id":5,"role":"user","username":"salabim"}
[2026-01-07 20:29:33] Using logged-in user ID: 5
[2026-01-07 20:29:33] Final user_id: 5
[2026-01-07 20:29:33] Action: count
[2026-01-07 20:29:33] === NEW REQUEST === {"action":"count"}
[2026-01-07 20:29:33] Getting current user ID...
[2026-01-07 20:29:33] get_user_info() returned: {"id":5,"role":"user","username":"salabim"}
[2026-01-07 20:29:33] Using logged-in user ID: 5
[2026-01-07 20:29:33] Final user_id: 5
[2026-01-07 20:29:33] Action: count
[2026-01-07 20:29:37] === NEW REQUEST === {"action":"count"}
[2026-01-07 20:29:37] Getting current user ID...
[2026-01-07 20:29:37] get_user_info() returned: {"id":5,"role":"user","username":"salabim"}
[2026-01-07 20:29:37] Using logged-in user ID: 5
[2026-01-07 20:29:37] Final user_id: 5
[2026-01-07 20:29:37] Action: count
[2026-01-07 20:29:37] === NEW REQUEST === {"action":"count"}
[2026-01-07 20:29:37] Getting current user ID...
[2026-01-07 20:29:37] get_user_info() returned: {"id":5,"role":"user","username":"salabim"}
[2026-01-07 20:29:37] Using logged-in user ID: 5
[2026-01-07 20:29:37] Final user_id: 5
[2026-01-07 20:29:37] Action: count
[2026-01-07 20:32:11] === NEW REQUEST === {"action":"count"}
[2026-01-07 20:32:11] Getting current user ID...
[2026-01-07 20:32:11] get_user_info() returned: {"id":5,"role":"user","username":"salabim"}
[2026-01-07 20:32:11] Using logged-in user ID: 5
[2026-01-07 20:32:11] Final user_id: 5
[2026-01-07 20:32:11] Action: count
[2026-01-07 20:32:11] === NEW REQUEST === {"action":"count"}
[2026-01-07 20:32:11] Getting current user ID...
[2026-01-07 20:32:11] get_user_info() returned: {"id":5,"role":"user","username":"salabim"}
[2026-01-07 20:32:11] Using logged-in user ID: 5
[2026-01-07 20:32:11] Final user_id: 5
[2026-01-07 20:32:11] Action: count
[2026-01-07 20:32:12] === NEW REQUEST === {"action":"count"}
[2026-01-07 20:32:12] Getting current user ID...
[2026-01-07 20:32:12] get_user_info() returned: {"id":5,"role":"user","username":"salabim"}
[2026-01-07 20:32:12] Using logged-in user ID: 5
[2026-01-07 20:32:12] Final user_id: 5
[2026-01-07 20:32:12] Action: count
[2026-01-07 20:32:12] === NEW REQUEST === {"action":"count"}
[2026-01-07 20:32:12] Getting current user ID...
[2026-01-07 20:32:12] get_user_info() returned: {"id":5,"role":"user","username":"salabim"}
[2026-01-07 20:32:12] Using logged-in user ID: 5
[2026-01-07 20:32:12] Final user_id: 5
[2026-01-07 20:32:12] Action: count
[2026-01-07 20:32:13] === NEW REQUEST === {"action":"add"}
[2026-01-07 20:32:13] Getting current user ID...
[2026-01-07 20:32:13] get_user_info() returned: {"id":5,"role":"user","username":"salabim"}
[2026-01-07 20:32:13] Using logged-in user ID: 5
[2026-01-07 20:32:13] Final user_id: 5
[2026-01-07 20:32:13] Action: add
[2026-01-07 20:32:13] Processing ADD action
[2026-01-07 20:32:13] Raw input: {"id_produk":12,"quantity":1}
[2026-01-07 20:32:13] Parsed input: {"id_produk":12,"quantity":1}
[2026-01-07 20:32:13] id_produk: 12, qty: 1, user_id: 5
[2026-01-07 20:32:13] Checking stock for product 12
[2026-01-07 20:32:13] Product check result: {"stok":30}
[2026-01-07 20:32:13] Checking if item exists in cart for user 5 and product 12
[2026-01-07 20:32:13] Item exists in cart: no
[2026-01-07 20:32:13] Inserting new item to cart
[2026-01-07 20:32:13] SUCCESS: New item added to cart
[2026-01-07 20:32:13] === NEW REQUEST === {"action":"count"}
[2026-01-07 20:32:13] Getting current user ID...
[2026-01-07 20:32:13] get_user_info() returned: {"id":5,"role":"user","username":"salabim"}
[2026-01-07 20:32:13] Using logged-in user ID: 5
[2026-01-07 20:32:13] Final user_id: 5
[2026-01-07 20:32:13] Action: count
[2026-01-07 20:32:16] === NEW REQUEST === {"action":"get"}
[2026-01-07 20:32:16] Getting current user ID...
[2026-01-07 20:32:16] get_user_info() returned: {"id":5,"role":"user","username":"salabim"}
[2026-01-07 20:32:16] Using logged-in user ID: 5
[2026-01-07 20:32:16] Final user_id: 5
[2026-01-07 20:32:16] Action: get
[2026-01-07 20:32:16] Getting cart items for user_id: 5
[2026-01-07 20:32:16] Cart items count: 2
[2026-01-07 20:32:16] === NEW REQUEST === {"action":"count"}
[2026-01-07 20:32:16] Getting current user ID...
[2026-01-07 20:32:16] get_user_info() returned: {"id":5,"role":"user","username":"salabim"}
[2026-01-07 20:32:16] Using logged-in user ID: 5
[2026-01-07 20:32:16] Final user_id: 5
[2026-01-07 20:32:16] Action: count
[2026-01-07 20:32:16] === NEW REQUEST === {"action":"count"}
[2026-01-07 20:32:16] Getting current user ID...
[2026-01-07 20:32:16] get_user_info() returned: {"id":5,"role":"user","username":"salabim"}
[2026-01-07 20:32:16] Using logged-in user ID: 5
[2026-01-07 20:32:16] Final user_id: 5
[2026-01-07 20:32:16] Action: count
[2026-01-07 20:32:48] === NEW REQUEST === {"action":"get"}
[2026-01-07 20:32:48] Getting current user ID...
[2026-01-07 20:32:48] get_user_info() returned: {"id":5,"role":"user","username":"salabim"}
[2026-01-07 20:32:48] Using logged-in user ID: 5
[2026-01-07 20:32:48] Final user_id: 5
[2026-01-07 20:32:48] Action: get
[2026-01-07 20:32:48] Getting cart items for user_id: 5
[2026-01-07 20:32:48] Cart items count: 2
[2026-01-07 20:32:48] === NEW REQUEST === {"action":"count"}
[2026-01-07 20:32:48] Getting current user ID...
[2026-01-07 20:32:48] get_user_info() returned: {"id":5,"role":"user","username":"salabim"}
[2026-01-07 20:32:48] Using logged-in user ID: 5
[2026-01-07 20:32:48] Final user_id: 5
[2026-01-07 20:32:48] Action: count
[2026-01-07 20:32:48] === NEW REQUEST === {"action":"count"}
[2026-01-07 20:32:48] Getting current user ID...
[2026-01-07 20:32:48] get_user_info() returned: {"id":5,"role":"user","username":"salabim"}
[2026-01-07 20:32:48] Using logged-in user ID: 5
[2026-01-07 20:32:48] Final user_id: 5
[2026-01-07 20:32:48] Action: count
[2026-01-07 20:33:18] === NEW REQUEST === {"action":"count"}
[2026-01-07 20:33:18] Getting current user ID...
[2026-01-07 20:33:18] get_user_info() returned: {"id":5,"role":"user","username":"salabim"}
[2026-01-07 20:33:18] Using logged-in user ID: 5
[2026-01-07 20:33:18] Final user_id: 5
[2026-01-07 20:33:18] Action: count
[2026-01-07 20:33:18] === NEW REQUEST === {"action":"get"}
[2026-01-07 20:33:18] Getting current user ID...
[2026-01-07 20:33:18] get_user_info() returned: {"id":5,"role":"user","username":"salabim"}
[2026-01-07 20:33:18] Using logged-in user ID: 5
[2026-01-07 20:33:18] Final user_id: 5
[2026-01-07 20:33:18] Action: get
[2026-01-07 20:33:18] Getting cart items for user_id: 5
[2026-01-07 20:33:18] Cart items count: 2
[2026-01-07 20:33:18] === NEW REQUEST === {"action":"count"}
[2026-01-07 20:33:18] Getting current user ID...
[2026-01-07 20:33:18] get_user_info() returned: {"id":5,"role":"user","username":"salabim"}
[2026-01-07 20:33:18] Using logged-in user ID: 5
[2026-01-07 20:33:18] Final user_id: 5
[2026-01-07 20:33:18] Action: count
[2026-01-07 20:36:03] === NEW REQUEST === {"action":"get"}
[2026-01-07 20:36:03] Getting current user ID...
[2026-01-07 20:36:03] get_user_info() returned: {"id":5,"role":"user","username":"salabim"}
[2026-01-07 20:36:03] Using logged-in user ID: 5
[2026-01-07 20:36:03] Final user_id: 5
[2026-01-07 20:36:03] Action: get
[2026-01-07 20:36:03] Getting cart items for user_id: 5
[2026-01-07 20:36:03] Cart items count: 2
[2026-01-07 20:36:03] === NEW REQUEST === {"action":"count"}
[2026-01-07 20:36:03] Getting current user ID...
[2026-01-07 20:36:03] get_user_info() returned: {"id":5,"role":"user","username":"salabim"}
[2026-01-07 20:36:03] Using logged-in user ID: 5
[2026-01-07 20:36:03] Final user_id: 5
[2026-01-07 20:36:03] Action: count
[2026-01-07 20:36:03] === NEW REQUEST === {"action":"count"}
[2026-01-07 20:36:03] Getting current user ID...
[2026-01-07 20:36:03] get_user_info() returned: {"id":5,"role":"user","username":"salabim"}
[2026-01-07 20:36:03] Using logged-in user ID: 5
[2026-01-07 20:36:03] Final user_id: 5
[2026-01-07 20:36:03] Action: count
[2026-01-07 21:10:02] === NEW REQUEST === {"action":"count"}
[2026-01-07 21:10:02] Getting current user ID...
[2026-01-07 21:10:02] get_user_info() returned: {"id":5,"role":"user","username":"salabim"}
[2026-01-07 21:10:02] Using logged-in user ID: 5
[2026-01-07 21:10:02] Final user_id: 5
[2026-01-07 21:10:02] Action: count
[2026-01-07 21:10:02] === NEW REQUEST === {"action":"count"}
[2026-01-07 21:10:02] Getting current user ID...
[2026-01-07 21:10:02] get_user_info() returned: {"id":5,"role":"user","username":"salabim"}
[2026-01-07 21:10:02] Using logged-in user ID: 5
[2026-01-07 21:10:02] Final user_id: 5
[2026-01-07 21:10:02] Action: count
[2026-01-07 21:10:14] === NEW REQUEST === {"action":"count"}
[2026-01-07 21:10:14] Getting current user ID...
[2026-01-07 21:10:14] get_user_info() returned: {"id":5,"role":"user","username":"salabim"}
[2026-01-07 21:10:14] Using logged-in user ID: 5
[2026-01-07 21:10:14] Final user_id: 5
[2026-01-07 21:10:14] Action: count
[2026-01-07 21:10:14] === NEW REQUEST === {"action":"get"}
[2026-01-07 21:10:14] Getting current user ID...
[2026-01-07 21:10:14] get_user_info() returned: {"id":5,"role":"user","username":"salabim"}
[2026-01-07 21:10:14] Using logged-in user ID: 5
[2026-01-07 21:10:14] Final user_id: 5
[2026-01-07 21:10:14] Action: get
[2026-01-07 21:10:14] Getting cart items for user_id: 5
[2026-01-07 21:10:14] Cart items count: 2
[2026-01-07 21:10:14] === NEW REQUEST === {"action":"count"}
[2026-01-07 21:10:14] Getting current user ID...
[2026-01-07 21:10:14] get_user_info() returned: {"id":5,"role":"user","username":"salabim"}
[2026-01-07 21:10:14] Using logged-in user ID: 5
[2026-01-07 21:10:14] Final user_id: 5
[2026-01-07 21:10:14] Action: count
[2026-01-07 21:10:16] === NEW REQUEST === {"action":"count"}
[2026-01-07 21:10:16] Getting current user ID...
[2026-01-07 21:10:16] get_user_info() returned: {"id":5,"role":"user","username":"salabim"}
[2026-01-07 21:10:16] Using logged-in user ID: 5
[2026-01-07 21:10:16] Final user_id: 5
[2026-01-07 21:10:16] Action: count
[2026-01-07 21:10:16] === NEW REQUEST === {"action":"count"}
[2026-01-07 21:10:16] Getting current user ID...
[2026-01-07 21:10:16] get_user_info() returned: {"id":5,"role":"user","username":"salabim"}
[2026-01-07 21:10:16] Using logged-in user ID: 5
[2026-01-07 21:10:16] Final user_id: 5
[2026-01-07 21:10:16] Action: count
[2026-01-07 21:10:23] === NEW REQUEST === {"action":"count"}
[2026-01-07 21:10:23] Getting current user ID...
[2026-01-07 21:10:23] get_user_info() returned: {"id":5,"role":"user","username":"salabim"}
[2026-01-07 21:10:23] Using logged-in user ID: 5
[2026-01-07 21:10:23] Final user_id: 5
[2026-01-07 21:10:23] Action: count
[2026-01-07 21:10:23] === NEW REQUEST === {"action":"count"}
[2026-01-07 21:10:23] Getting current user ID...
[2026-01-07 21:10:23] get_user_info() returned: {"id":5,"role":"user","username":"salabim"}
[2026-01-07 21:10:23] Using logged-in user ID: 5
[2026-01-07 21:10:23] Final user_id: 5
[2026-01-07 21:10:23] Action: count
[2026-01-07 21:10:32] === NEW REQUEST === {"action":"count"}
[2026-01-07 21:10:32] Getting current user ID...
[2026-01-07 21:10:32] get_user_info() returned: {"id":5,"role":"user","username":"salabim"}
[2026-01-07 21:10:32] Using logged-in user ID: 5
[2026-01-07 21:10:32] Final user_id: 5
[2026-01-07 21:10:32] Action: count
[2026-01-07 21:10:32] === NEW REQUEST === {"action":"count"}
[2026-01-07 21:10:32] Getting current user ID...
[2026-01-07 21:10:32] get_user_info() returned: {"id":5,"role":"user","username":"salabim"}
[2026-01-07 21:10:32] Using logged-in user ID: 5
[2026-01-07 21:10:32] Final user_id: 5
[2026-01-07 21:10:32] Action: count
[2026-01-07 21:10:36] === NEW REQUEST === {"action":"count"}
[2026-01-07 21:10:36] Getting current user ID...
[2026-01-07 21:10:36] get_user_info() returned: {"id":5,"role":"user","username":"salabim"}
[2026-01-07 21:10:36] Using logged-in user ID: 5
[2026-01-07 21:10:36] Final user_id: 5
[2026-01-07 21:10:36] Action: count
[2026-01-07 21:10:36] === NEW REQUEST === {"action":"count"}
[2026-01-07 21:10:36] Getting current user ID...
[2026-01-07 21:10:36] get_user_info() returned: {"id":5,"role":"user","username":"salabim"}
[2026-01-07 21:10:36] Using logged-in user ID: 5
[2026-01-07 21:10:36] Final user_id: 5
[2026-01-07 21:10:36] Action: count
[2026-01-07 21:10:37] === NEW REQUEST === {"action":"count"}
[2026-01-07 21:10:37] Getting current user ID...
[2026-01-07 21:10:37] get_user_info() returned: {"id":5,"role":"user","username":"salabim"}
[2026-01-07 21:10:37] Using logged-in user ID: 5
[2026-01-07 21:10:37] Final user_id: 5
[2026-01-07 21:10:37] Action: count
[2026-01-07 21:10:37] === NEW REQUEST === {"action":"count"}
[2026-01-07 21:10:37] Getting current user ID...
[2026-01-07 21:10:37] get_user_info() returned: {"id":5,"role":"user","username":"salabim"}
[2026-01-07 21:10:37] Using logged-in user ID: 5
[2026-01-07 21:10:37] Final user_id: 5
[2026-01-07 21:10:37] Action: count
[2026-01-07 21:11:57] === NEW REQUEST === {"action":"get"}
[2026-01-07 21:11:57] Getting current user ID...
[2026-01-07 21:11:57] get_user_info() returned: {"id":5,"role":"user","username":"salabim"}
[2026-01-07 21:11:57] Using logged-in user ID: 5
[2026-01-07 21:11:57] Final user_id: 5
[2026-01-07 21:11:57] Action: get
[2026-01-07 21:11:57] Getting cart items for user_id: 5
[2026-01-07 21:11:57] Cart items count: 2
[2026-01-07 21:11:57] === NEW REQUEST === {"action":"count"}
[2026-01-07 21:11:57] Getting current user ID...
[2026-01-07 21:11:58] get_user_info() returned: {"id":5,"role":"user","username":"salabim"}
[2026-01-07 21:11:58] Using logged-in user ID: 5
[2026-01-07 21:11:58] Final user_id: 5
[2026-01-07 21:11:58] Action: count
[2026-01-07 21:11:58] === NEW REQUEST === {"action":"count"}
[2026-01-07 21:11:58] Getting current user ID...
[2026-01-07 21:11:58] get_user_info() returned: {"id":5,"role":"user","username":"salabim"}
[2026-01-07 21:11:58] Using logged-in user ID: 5
[2026-01-07 21:11:58] Final user_id: 5
[2026-01-07 21:11:58] Action: count
[2026-01-07 21:12:03] === NEW REQUEST === {"action":"get"}
[2026-01-07 21:12:03] Getting current user ID...
[2026-01-07 21:12:03] get_user_info() returned: {"id":5,"role":"user","username":"salabim"}
[2026-01-07 21:12:03] Using logged-in user ID: 5
[2026-01-07 21:12:03] Final user_id: 5
[2026-01-07 21:12:03] Action: get
[2026-01-07 21:12:03] Getting cart items for user_id: 5
[2026-01-07 21:12:03] Cart items count: 2
[2026-01-07 21:12:03] === NEW REQUEST === {"action":"count"}
[2026-01-07 21:12:03] Getting current user ID...
[2026-01-07 21:12:03] get_user_info() returned: {"id":5,"role":"user","username":"salabim"}
[2026-01-07 21:12:03] Using logged-in user ID: 5
[2026-01-07 21:12:03] Final user_id: 5
[2026-01-07 21:12:03] Action: count
[2026-01-07 21:12:03] === NEW REQUEST === {"action":"count"}
[2026-01-07 21:12:03] Getting current user ID...
[2026-01-07 21:12:03] get_user_info() returned: {"id":5,"role":"user","username":"salabim"}
[2026-01-07 21:12:03] Using logged-in user ID: 5
[2026-01-07 21:12:03] Final user_id: 5
[2026-01-07 21:12:03] Action: count
[2026-01-07 21:12:05] === NEW REQUEST === {"action":"count"}
[2026-01-07 21:12:05] Getting current user ID...
[2026-01-07 21:12:05] get_user_info() returned: {"id":5,"role":"user","username":"salabim"}
[2026-01-07 21:12:05] Using logged-in user ID: 5
[2026-01-07 21:12:05] Final user_id: 5
[2026-01-07 21:12:05] Action: count
[2026-01-07 21:12:05] === NEW REQUEST === {"action":"count"}
[2026-01-07 21:12:05] Getting current user ID...
[2026-01-07 21:12:05] get_user_info() returned: {"id":5,"role":"user","username":"salabim"}
[2026-01-07 21:12:05] Using logged-in user ID: 5
[2026-01-07 21:12:05] Final user_id: 5
[2026-01-07 21:12:05] Action: count
[2026-01-07 21:12:07] === NEW REQUEST === {"action":"count"}
[2026-01-07 21:12:07] Getting current user ID...
[2026-01-07 21:12:07] get_user_info() returned: {"id":5,"role":"user","username":"salabim"}
[2026-01-07 21:12:07] Using logged-in user ID: 5
[2026-01-07 21:12:07] Final user_id: 5
[2026-01-07 21:12:07] Action: count
[2026-01-07 21:12:07] === NEW REQUEST === {"action":"count"}
[2026-01-07 21:12:07] Getting current user ID...
[2026-01-07 21:12:07] get_user_info() returned: {"id":5,"role":"user","username":"salabim"}
[2026-01-07 21:12:07] Using logged-in user ID: 5
[2026-01-07 21:12:07] Final user_id: 5
[2026-01-07 21:12:07] Action: count
[2026-01-07 21:12:10] === NEW REQUEST === {"action":"count"}
[2026-01-07 21:12:10] Getting current user ID...
[2026-01-07 21:12:10] get_user_info() returned: {"id":5,"role":"user","username":"salabim"}
[2026-01-07 21:12:10] Using logged-in user ID: 5
[2026-01-07 21:12:10] Final user_id: 5
[2026-01-07 21:12:10] Action: count
[2026-01-07 21:12:10] === NEW REQUEST === {"action":"get"}
[2026-01-07 21:12:10] Getting current user ID...
[2026-01-07 21:12:10] get_user_info() returned: {"id":5,"role":"user","username":"salabim"}
[2026-01-07 21:12:10] Using logged-in user ID: 5
[2026-01-07 21:12:10] Final user_id: 5
[2026-01-07 21:12:10] Action: get
[2026-01-07 21:12:10] Getting cart items for user_id: 5
[2026-01-07 21:12:10] Cart items count: 2
[2026-01-07 21:12:10] === NEW REQUEST === {"action":"count"}
[2026-01-07 21:12:10] Getting current user ID...
[2026-01-07 21:12:10] get_user_info() returned: {"id":5,"role":"user","username":"salabim"}
[2026-01-07 21:12:10] Using logged-in user ID: 5
[2026-01-07 21:12:10] Final user_id: 5
[2026-01-07 21:12:10] Action: count
[2026-01-07 21:22:22] === NEW REQUEST === {"action":"get"}
[2026-01-07 21:22:22] Getting current user ID...
[2026-01-07 21:22:22] get_user_info() returned: {"id":5,"role":"user","username":"salabim"}
[2026-01-07 21:22:22] Using logged-in user ID: 5
[2026-01-07 21:22:22] Final user_id: 5
[2026-01-07 21:22:22] Action: get
[2026-01-07 21:22:22] Getting cart items for user_id: 5
[2026-01-07 21:22:22] Cart items count: 2
[2026-01-07 21:22:22] === NEW REQUEST === {"action":"count"}
[2026-01-07 21:22:22] Getting current user ID...
[2026-01-07 21:22:22] get_user_info() returned: {"id":5,"role":"user","username":"salabim"}
[2026-01-07 21:22:22] Using logged-in user ID: 5
[2026-01-07 21:22:22] Final user_id: 5
[2026-01-07 21:22:22] Action: count
[2026-01-07 21:22:22] === NEW REQUEST === {"action":"count"}
[2026-01-07 21:22:22] Getting current user ID...
[2026-01-07 21:22:22] get_user_info() returned: {"id":5,"role":"user","username":"salabim"}
[2026-01-07 21:22:22] Using logged-in user ID: 5
[2026-01-07 21:22:22] Final user_id: 5
[2026-01-07 21:22:22] Action: count
[2026-01-07 21:22:30] === NEW REQUEST === {"action":"count"}
[2026-01-07 21:22:30] Getting current user ID...
[2026-01-07 21:22:30] get_user_info() returned: {"id":5,"role":"user","username":"salabim"}
[2026-01-07 21:22:30] Using logged-in user ID: 5
[2026-01-07 21:22:30] Final user_id: 5
[2026-01-07 21:22:30] Action: count
[2026-01-07 21:22:30] === NEW REQUEST === {"action":"count"}
[2026-01-07 21:22:30] Getting current user ID...
[2026-01-07 21:22:30] get_user_info() returned: {"id":5,"role":"user","username":"salabim"}
[2026-01-07 21:22:30] Using logged-in user ID: 5
[2026-01-07 21:22:30] Final user_id: 5
[2026-01-07 21:22:30] Action: count
[2026-01-07 21:22:32] === NEW REQUEST === {"action":"count"}
[2026-01-07 21:22:32] Getting current user ID...
[2026-01-07 21:22:32] get_user_info() returned: {"id":5,"role":"user","username":"salabim"}
[2026-01-07 21:22:32] Using logged-in user ID: 5
[2026-01-07 21:22:32] Final user_id: 5
[2026-01-07 21:22:32] Action: count
[2026-01-07 21:22:32] === NEW REQUEST === {"action":"get"}
[2026-01-07 21:22:32] Getting current user ID...
[2026-01-07 21:22:32] get_user_info() returned: {"id":5,"role":"user","username":"salabim"}
[2026-01-07 21:22:32] Using logged-in user ID: 5
[2026-01-07 21:22:32] Final user_id: 5
[2026-01-07 21:22:32] Action: get
[2026-01-07 21:22:32] Getting cart items for user_id: 5
[2026-01-07 21:22:32] Cart items count: 2
[2026-01-07 21:22:32] === NEW REQUEST === {"action":"count"}
[2026-01-07 21:22:32] Getting current user ID...
[2026-01-07 21:22:32] get_user_info() returned: {"id":5,"role":"user","username":"salabim"}
[2026-01-07 21:22:32] Using logged-in user ID: 5
[2026-01-07 21:22:32] Final user_id: 5
[2026-01-07 21:22:32] Action: count
[2026-01-07 21:22:36] === NEW REQUEST === {"action":"get"}
[2026-01-07 21:22:36] Getting current user ID...
[2026-01-07 21:22:36] get_user_info() returned: {"id":5,"role":"user","username":"salabim"}
[2026-01-07 21:22:36] Using logged-in user ID: 5
[2026-01-07 21:22:36] Final user_id: 5
[2026-01-07 21:22:36] Action: get
[2026-01-07 21:22:36] Getting cart items for user_id: 5
[2026-01-07 21:22:36] Cart items count: 2
[2026-01-07 21:22:36] === NEW REQUEST === {"action":"count"}
[2026-01-07 21:22:36] Getting current user ID...
[2026-01-07 21:22:36] get_user_info() returned: {"id":5,"role":"user","username":"salabim"}
[2026-01-07 21:22:36] Using logged-in user ID: 5
[2026-01-07 21:22:36] Final user_id: 5
[2026-01-07 21:22:36] Action: count
[2026-01-07 21:22:36] === NEW REQUEST === {"action":"count"}
[2026-01-07 21:22:36] Getting current user ID...
[2026-01-07 21:22:36] get_user_info() returned: {"id":5,"role":"user","username":"salabim"}
[2026-01-07 21:22:36] Using logged-in user ID: 5
[2026-01-07 21:22:36] Final user_id: 5
[2026-01-07 21:22:36] Action: count
[2026-01-07 21:22:44] === NEW REQUEST === {"action":"get"}
[2026-01-07 21:22:44] Getting current user ID...
[2026-01-07 21:22:44] get_user_info() returned: {"id":5,"role":"user","username":"salabim"}
[2026-01-07 21:22:44] Using logged-in user ID: 5
[2026-01-07 21:22:44] Final user_id: 5
[2026-01-07 21:22:44] Action: get
[2026-01-07 21:22:44] Getting cart items for user_id: 5
[2026-01-07 21:22:44] Cart items count: 2
[2026-01-07 21:22:44] === NEW REQUEST === {"action":"count"}
[2026-01-07 21:22:44] Getting current user ID...
[2026-01-07 21:22:44] get_user_info() returned: {"id":5,"role":"user","username":"salabim"}
[2026-01-07 21:22:44] Using logged-in user ID: 5
[2026-01-07 21:22:44] Final user_id: 5
[2026-01-07 21:22:44] Action: count
[2026-01-07 21:22:44] === NEW REQUEST === {"action":"count"}
[2026-01-07 21:22:44] Getting current user ID...
[2026-01-07 21:22:44] get_user_info() returned: {"id":5,"role":"user","username":"salabim"}
[2026-01-07 21:22:44] Using logged-in user ID: 5
[2026-01-07 21:22:44] Final user_id: 5
[2026-01-07 21:22:44] Action: count
[2026-01-07 21:24:04] === NEW REQUEST === {"action":"get"}
[2026-01-07 21:24:04] Getting current user ID...
[2026-01-07 21:24:04] get_user_info() returned: {"id":5,"role":"user","username":"salabim"}
[2026-01-07 21:24:04] Using logged-in user ID: 5
[2026-01-07 21:24:04] Final user_id: 5
[2026-01-07 21:24:04] Action: get
[2026-01-07 21:24:04] Getting cart items for user_id: 5
[2026-01-07 21:24:04] Cart items count: 2
[2026-01-07 21:24:04] === NEW REQUEST === {"action":"count"}
[2026-01-07 21:24:04] Getting current user ID...
[2026-01-07 21:24:04] get_user_info() returned: {"id":5,"role":"user","username":"salabim"}
[2026-01-07 21:24:04] Using logged-in user ID: 5
[2026-01-07 21:24:04] Final user_id: 5
[2026-01-07 21:24:04] Action: count
[2026-01-07 21:24:04] === NEW REQUEST === {"action":"count"}
[2026-01-07 21:24:04] Getting current user ID...
[2026-01-07 21:24:04] get_user_info() returned: {"id":5,"role":"user","username":"salabim"}
[2026-01-07 21:24:04] Using logged-in user ID: 5
[2026-01-07 21:24:04] Final user_id: 5
[2026-01-07 21:24:04] Action: count
[2026-01-07 21:24:06] === NEW REQUEST === {"action":"get"}
[2026-01-07 21:24:06] Getting current user ID...
[2026-01-07 21:24:06] get_user_info() returned: {"id":5,"role":"user","username":"salabim"}
[2026-01-07 21:24:06] Using logged-in user ID: 5
[2026-01-07 21:24:06] Final user_id: 5
[2026-01-07 21:24:06] Action: get
[2026-01-07 21:24:06] Getting cart items for user_id: 5
[2026-01-07 21:24:06] Cart items count: 2
[2026-01-07 21:24:06] === NEW REQUEST === {"action":"count"}
[2026-01-07 21:24:06] Getting current user ID...
[2026-01-07 21:24:06] get_user_info() returned: {"id":5,"role":"user","username":"salabim"}
[2026-01-07 21:24:06] Using logged-in user ID: 5
[2026-01-07 21:24:06] Final user_id: 5
[2026-01-07 21:24:06] Action: count
[2026-01-07 21:24:06] === NEW REQUEST === {"action":"count"}
[2026-01-07 21:24:06] Getting current user ID...
[2026-01-07 21:24:06] get_user_info() returned: {"id":5,"role":"user","username":"salabim"}
[2026-01-07 21:24:06] Using logged-in user ID: 5
[2026-01-07 21:24:06] Final user_id: 5
[2026-01-07 21:24:06] Action: count
[2026-01-07 21:24:09] === NEW REQUEST === {"action":"get"}
[2026-01-07 21:24:09] Getting current user ID...
[2026-01-07 21:24:09] get_user_info() returned: {"id":5,"role":"user","username":"salabim"}
[2026-01-07 21:24:09] Using logged-in user ID: 5
[2026-01-07 21:24:09] Final user_id: 5
[2026-01-07 21:24:09] Action: get
[2026-01-07 21:24:09] Getting cart items for user_id: 5
[2026-01-07 21:24:09] Cart items count: 2
[2026-01-07 21:24:09] === NEW REQUEST === {"action":"count"}
[2026-01-07 21:24:09] Getting current user ID...
[2026-01-07 21:24:09] get_user_info() returned: {"id":5,"role":"user","username":"salabim"}
[2026-01-07 21:24:09] Using logged-in user ID: 5
[2026-01-07 21:24:09] Final user_id: 5
[2026-01-07 21:24:09] Action: count
[2026-01-07 21:24:09] === NEW REQUEST === {"action":"count"}
[2026-01-07 21:24:09] Getting current user ID...
[2026-01-07 21:24:09] get_user_info() returned: {"id":5,"role":"user","username":"salabim"}
[2026-01-07 21:24:09] Using logged-in user ID: 5
[2026-01-07 21:24:09] Final user_id: 5
[2026-01-07 21:24:09] Action: count
[2026-01-07 21:32:51] === NEW REQUEST === {"action":"count"}
[2026-01-07 21:32:51] Getting current user ID...
[2026-01-07 21:32:51] get_user_info() returned: {"id":5,"role":"user","username":"salabim"}
[2026-01-07 21:32:51] Using logged-in user ID: 5
[2026-01-07 21:32:51] Final user_id: 5
[2026-01-07 21:32:51] Action: count
[2026-01-07 21:32:51] === NEW REQUEST === {"action":"get"}
[2026-01-07 21:32:51] Getting current user ID...
[2026-01-07 21:32:51] get_user_info() returned: {"id":5,"role":"user","username":"salabim"}
[2026-01-07 21:32:51] Using logged-in user ID: 5
[2026-01-07 21:32:51] Final user_id: 5
[2026-01-07 21:32:51] Action: get
[2026-01-07 21:32:51] Getting cart items for user_id: 5
[2026-01-07 21:32:51] Cart items count: 2
[2026-01-07 21:32:51] === NEW REQUEST === {"action":"count"}
[2026-01-07 21:32:51] Getting current user ID...
[2026-01-07 21:32:51] get_user_info() returned: {"id":5,"role":"user","username":"salabim"}
[2026-01-07 21:32:51] Using logged-in user ID: 5
[2026-01-07 21:32:51] Final user_id: 5
[2026-01-07 21:32:51] Action: count
[2026-01-08 02:15:20] === NEW REQUEST === {"action":"count"}
[2026-01-08 02:15:20] Getting current user ID...
[2026-01-08 02:15:20] get_user_info() returned: null
[2026-01-08 02:15:20] No user found
[2026-01-08 02:15:20] Final user_id: 
[2026-01-08 02:15:20] ERROR: Failed to get user_id
[2026-01-08 02:15:20] === NEW REQUEST === {"action":"count"}
[2026-01-08 02:15:20] Getting current user ID...
[2026-01-08 02:15:20] get_user_info() returned: null
[2026-01-08 02:15:20] No user found
[2026-01-08 02:15:20] Final user_id: 
[2026-01-08 02:15:20] ERROR: Failed to get user_id
[2026-01-08 02:15:36] === NEW REQUEST === {"action":"count"}
[2026-01-08 02:15:36] Getting current user ID...
[2026-01-08 02:15:36] get_user_info() returned: {"id":5,"role":"user","username":"salabim"}
[2026-01-08 02:15:36] Using logged-in user ID: 5
[2026-01-08 02:15:36] Final user_id: 5
[2026-01-08 02:15:36] Action: count
[2026-01-08 02:15:36] === NEW REQUEST === {"action":"count"}
[2026-01-08 02:15:36] Getting current user ID...
[2026-01-08 02:15:36] get_user_info() returned: {"id":5,"role":"user","username":"salabim"}
[2026-01-08 02:15:36] Using logged-in user ID: 5
[2026-01-08 02:15:36] Final user_id: 5
[2026-01-08 02:15:36] Action: count
[2026-01-08 02:16:20] === NEW REQUEST === {"action":"count"}
[2026-01-08 02:16:20] Getting current user ID...
[2026-01-08 02:16:20] get_user_info() returned: {"id":5,"role":"user","username":"salabim"}
[2026-01-08 02:16:20] Using logged-in user ID: 5
[2026-01-08 02:16:20] Final user_id: 5
[2026-01-08 02:16:20] Action: count
[2026-01-08 02:16:20] === NEW REQUEST === {"action":"count"}
[2026-01-08 02:16:20] Getting current user ID...
[2026-01-08 02:16:20] get_user_info() returned: {"id":5,"role":"user","username":"salabim"}
[2026-01-08 02:16:20] Using logged-in user ID: 5
[2026-01-08 02:16:20] Final user_id: 5
[2026-01-08 02:16:20] Action: count
[2026-01-08 02:16:22] === NEW REQUEST === {"action":"count"}
[2026-01-08 02:16:22] Getting current user ID...
[2026-01-08 02:16:22] get_user_info() returned: {"id":5,"role":"user","username":"salabim"}
[2026-01-08 02:16:22] Using logged-in user ID: 5
[2026-01-08 02:16:22] Final user_id: 5
[2026-01-08 02:16:22] Action: count
[2026-01-08 02:16:22] === NEW REQUEST === {"action":"count"}
[2026-01-08 02:16:22] Getting current user ID...
[2026-01-08 02:16:22] get_user_info() returned: {"id":5,"role":"user","username":"salabim"}
[2026-01-08 02:16:22] Using logged-in user ID: 5
[2026-01-08 02:16:22] Final user_id: 5
[2026-01-08 02:16:22] Action: count
[2026-01-08 02:16:26] === NEW REQUEST === {"action":"count"}
[2026-01-08 02:16:26] Getting current user ID...
[2026-01-08 02:16:26] get_user_info() returned: {"id":5,"role":"user","username":"salabim"}
[2026-01-08 02:16:26] Using logged-in user ID: 5
[2026-01-08 02:16:26] Final user_id: 5
[2026-01-08 02:16:26] Action: count
[2026-01-08 02:16:26] === NEW REQUEST === {"action":"count"}
[2026-01-08 02:16:26] Getting current user ID...
[2026-01-08 02:16:26] get_user_info() returned: {"id":5,"role":"user","username":"salabim"}
[2026-01-08 02:16:26] Using logged-in user ID: 5
[2026-01-08 02:16:26] Final user_id: 5
[2026-01-08 02:16:26] Action: count
[2026-01-08 02:16:34] === NEW REQUEST === {"action":"add"}
[2026-01-08 02:16:34] Getting current user ID...
[2026-01-08 02:16:34] get_user_info() returned: {"id":5,"role":"user","username":"salabim"}
[2026-01-08 02:16:34] Using logged-in user ID: 5
[2026-01-08 02:16:34] Final user_id: 5
[2026-01-08 02:16:34] Action: add
[2026-01-08 02:16:34] Processing ADD action
[2026-01-08 02:16:34] Raw input: {"id_produk":7,"quantity":1}
[2026-01-08 02:16:34] Parsed input: {"id_produk":7,"quantity":1}
[2026-01-08 02:16:34] id_produk: 7, qty: 1, user_id: 5
[2026-01-08 02:16:34] Checking stock for product 7
[2026-01-08 02:16:34] Product check result: {"stok":8}
[2026-01-08 02:16:34] Checking if item exists in cart for user 5 and product 7
[2026-01-08 02:16:34] Item exists in cart: no
[2026-01-08 02:16:34] Inserting new item to cart
[2026-01-08 02:16:34] SUCCESS: New item added to cart
[2026-01-08 02:16:35] === NEW REQUEST === {"action":"add"}
[2026-01-08 02:16:35] Getting current user ID...
[2026-01-08 02:16:35] get_user_info() returned: {"id":5,"role":"user","username":"salabim"}
[2026-01-08 02:16:35] Using logged-in user ID: 5
[2026-01-08 02:16:35] Final user_id: 5
[2026-01-08 02:16:35] Action: add
[2026-01-08 02:16:35] Processing ADD action
[2026-01-08 02:16:35] Raw input: {"id_produk":7,"quantity":1}
[2026-01-08 02:16:35] Parsed input: {"id_produk":7,"quantity":1}
[2026-01-08 02:16:35] id_produk: 7, qty: 1, user_id: 5
[2026-01-08 02:16:35] Checking stock for product 7
[2026-01-08 02:16:35] Product check result: {"stok":8}
[2026-01-08 02:16:35] Checking if item exists in cart for user 5 and product 7
[2026-01-08 02:16:35] Item exists in cart: yes
[2026-01-08 02:16:35] Updating existing item: old_qty=1, new_qty=2
[2026-01-08 02:16:35] SUCCESS: Item quantity updated
[2026-01-08 02:16:36] === NEW REQUEST === {"action":"count"}
[2026-01-08 02:16:36] Getting current user ID...
[2026-01-08 02:16:36] get_user_info() returned: {"id":5,"role":"user","username":"salabim"}
[2026-01-08 02:16:36] Using logged-in user ID: 5
[2026-01-08 02:16:36] Final user_id: 5
[2026-01-08 02:16:36] Action: count
[2026-01-08 02:16:36] === NEW REQUEST === {"action":"count"}
[2026-01-08 02:16:36] Getting current user ID...
[2026-01-08 02:16:36] get_user_info() returned: {"id":5,"role":"user","username":"salabim"}
[2026-01-08 02:16:36] Using logged-in user ID: 5
[2026-01-08 02:16:36] Final user_id: 5
[2026-01-08 02:16:36] Action: count
[2026-01-08 02:16:37] === NEW REQUEST === {"action":"add"}
[2026-01-08 02:16:37] Getting current user ID...
[2026-01-08 02:16:37] get_user_info() returned: {"id":5,"role":"user","username":"salabim"}
[2026-01-08 02:16:37] Using logged-in user ID: 5
[2026-01-08 02:16:37] Final user_id: 5
[2026-01-08 02:16:37] Action: add
[2026-01-08 02:16:37] Processing ADD action
[2026-01-08 02:16:37] Raw input: {"id_produk":7,"quantity":1}
[2026-01-08 02:16:37] Parsed input: {"id_produk":7,"quantity":1}
[2026-01-08 02:16:37] id_produk: 7, qty: 1, user_id: 5
[2026-01-08 02:16:37] Checking stock for product 7
[2026-01-08 02:16:37] Product check result: {"stok":8}
[2026-01-08 02:16:37] Checking if item exists in cart for user 5 and product 7
[2026-01-08 02:16:37] Item exists in cart: yes
[2026-01-08 02:16:37] Updating existing item: old_qty=2, new_qty=3
[2026-01-08 02:16:37] SUCCESS: Item quantity updated
[2026-01-08 02:16:37] === NEW REQUEST === {"action":"count"}
[2026-01-08 02:16:37] Getting current user ID...
[2026-01-08 02:16:37] get_user_info() returned: {"id":5,"role":"user","username":"salabim"}
[2026-01-08 02:16:37] Using logged-in user ID: 5
[2026-01-08 02:16:37] Final user_id: 5
[2026-01-08 02:16:37] Action: count
[2026-01-08 02:16:39] === NEW REQUEST === {"action":"get"}
[2026-01-08 02:16:39] Getting current user ID...
[2026-01-08 02:16:39] get_user_info() returned: {"id":5,"role":"user","username":"salabim"}
[2026-01-08 02:16:39] Using logged-in user ID: 5
[2026-01-08 02:16:39] Final user_id: 5
[2026-01-08 02:16:39] Action: get
[2026-01-08 02:16:39] Getting cart items for user_id: 5
[2026-01-08 02:16:39] Cart items count: 3
[2026-01-08 02:16:39] === NEW REQUEST === {"action":"count"}
[2026-01-08 02:16:39] Getting current user ID...
[2026-01-08 02:16:39] get_user_info() returned: {"id":5,"role":"user","username":"salabim"}
[2026-01-08 02:16:39] Using logged-in user ID: 5
[2026-01-08 02:16:39] Final user_id: 5
[2026-01-08 02:16:39] Action: count
[2026-01-08 02:16:39] === NEW REQUEST === {"action":"count"}
[2026-01-08 02:16:39] Getting current user ID...
[2026-01-08 02:16:39] get_user_info() returned: {"id":5,"role":"user","username":"salabim"}
[2026-01-08 02:16:39] Using logged-in user ID: 5
[2026-01-08 02:16:39] Final user_id: 5
[2026-01-08 02:16:39] Action: count
[2026-01-08 02:16:42] === NEW REQUEST === {"action":"update"}
[2026-01-08 02:16:42] Getting current user ID...
[2026-01-08 02:16:42] get_user_info() returned: {"id":5,"role":"user","username":"salabim"}
[2026-01-08 02:16:42] Using logged-in user ID: 5
[2026-01-08 02:16:42] Final user_id: 5
[2026-01-08 02:16:42] Action: update
[2026-01-08 02:16:42] === NEW REQUEST === {"action":"get"}
[2026-01-08 02:16:42] Getting current user ID...
[2026-01-08 02:16:42] get_user_info() returned: {"id":5,"role":"user","username":"salabim"}
[2026-01-08 02:16:42] Using logged-in user ID: 5
[2026-01-08 02:16:42] Final user_id: 5
[2026-01-08 02:16:42] Action: get
[2026-01-08 02:16:42] Getting cart items for user_id: 5
[2026-01-08 02:16:42] Cart items count: 3
[2026-01-08 02:16:42] === NEW REQUEST === {"action":"count"}
[2026-01-08 02:16:42] Getting current user ID...
[2026-01-08 02:16:42] get_user_info() returned: {"id":5,"role":"user","username":"salabim"}
[2026-01-08 02:16:42] Using logged-in user ID: 5
[2026-01-08 02:16:42] Final user_id: 5
[2026-01-08 02:16:42] Action: count
[2026-01-08 02:16:42] === NEW REQUEST === {"action":"update"}
[2026-01-08 02:16:42] Getting current user ID...
[2026-01-08 02:16:42] get_user_info() returned: {"id":5,"role":"user","username":"salabim"}
[2026-01-08 02:16:42] Using logged-in user ID: 5
[2026-01-08 02:16:42] Final user_id: 5
[2026-01-08 02:16:42] Action: update
[2026-01-08 02:16:42] === NEW REQUEST === {"action":"get"}
[2026-01-08 02:16:42] Getting current user ID...
[2026-01-08 02:16:42] get_user_info() returned: {"id":5,"role":"user","username":"salabim"}
[2026-01-08 02:16:42] Using logged-in user ID: 5
[2026-01-08 02:16:42] Final user_id: 5
[2026-01-08 02:16:42] Action: get
[2026-01-08 02:16:42] Getting cart items for user_id: 5
[2026-01-08 02:16:42] Cart items count: 3
[2026-01-08 02:16:42] === NEW REQUEST === {"action":"count"}
[2026-01-08 02:16:42] Getting current user ID...
[2026-01-08 02:16:42] get_user_info() returned: {"id":5,"role":"user","username":"salabim"}
[2026-01-08 02:16:42] Using logged-in user ID: 5
[2026-01-08 02:16:42] Final user_id: 5
[2026-01-08 02:16:42] Action: count
[2026-01-08 02:16:51] === NEW REQUEST === {"action":"get"}
[2026-01-08 02:16:51] Getting current user ID...
[2026-01-08 02:16:51] get_user_info() returned: {"id":5,"role":"user","username":"salabim"}
[2026-01-08 02:16:51] Using logged-in user ID: 5
[2026-01-08 02:16:51] Final user_id: 5
[2026-01-08 02:16:51] Action: get
[2026-01-08 02:16:51] Getting cart items for user_id: 5
[2026-01-08 02:16:51] Cart items count: 3
[2026-01-08 02:16:51] === NEW REQUEST === {"action":"count"}
[2026-01-08 02:16:51] Getting current user ID...
[2026-01-08 02:16:51] get_user_info() returned: {"id":5,"role":"user","username":"salabim"}
[2026-01-08 02:16:51] Using logged-in user ID: 5
[2026-01-08 02:16:51] Final user_id: 5
[2026-01-08 02:16:51] Action: count
[2026-01-08 02:16:51] === NEW REQUEST === {"action":"count"}
[2026-01-08 02:16:51] Getting current user ID...
[2026-01-08 02:16:51] get_user_info() returned: {"id":5,"role":"user","username":"salabim"}
[2026-01-08 02:16:51] Using logged-in user ID: 5
[2026-01-08 02:16:51] Final user_id: 5
[2026-01-08 02:16:51] Action: count
[2026-01-08 02:17:02] === NEW REQUEST === {"action":"count"}
[2026-01-08 02:17:02] Getting current user ID...
[2026-01-08 02:17:02] get_user_info() returned: null
[2026-01-08 02:17:02] No user found
[2026-01-08 02:17:02] Final user_id: 
[2026-01-08 02:17:02] ERROR: Failed to get user_id
[2026-01-08 02:17:02] === NEW REQUEST === {"action":"count"}
[2026-01-08 02:17:02] Getting current user ID...
[2026-01-08 02:17:02] get_user_info() returned: null
[2026-01-08 02:17:02] No user found
[2026-01-08 02:17:02] Final user_id: 
[2026-01-08 02:17:02] ERROR: Failed to get user_id
[2026-01-08 02:19:02] === NEW REQUEST === {"action":"count"}
[2026-01-08 02:19:02] Getting current user ID...
[2026-01-08 02:19:02] get_user_info() returned: {"id":5,"role":"user","username":"salabim"}
[2026-01-08 02:19:02] Using logged-in user ID: 5
[2026-01-08 02:19:02] Final user_id: 5
[2026-01-08 02:19:02] Action: count
[2026-01-08 02:19:02] === NEW REQUEST === {"action":"count"}
[2026-01-08 02:19:02] Getting current user ID...
[2026-01-08 02:19:02] get_user_info() returned: {"id":5,"role":"user","username":"salabim"}
[2026-01-08 02:19:02] Using logged-in user ID: 5
[2026-01-08 02:19:02] Final user_id: 5
[2026-01-08 02:19:02] Action: count
[2026-01-08 08:26:38] === NEW REQUEST === {"action":"get"}
[2026-01-08 08:26:38] Getting current user ID...
[2026-01-08 08:26:38] get_user_info() returned: {"id":5,"role":"user","username":"salabim"}
[2026-01-08 08:26:38] Using logged-in user ID: 5
[2026-01-08 08:26:38] Final user_id: 5
[2026-01-08 08:26:38] Action: get
[2026-01-08 08:26:38] Getting cart items for user_id: 5
[2026-01-08 08:26:38] Cart items count: 3
[2026-01-08 08:26:38] === NEW REQUEST === {"action":"count"}
[2026-01-08 08:26:38] Getting current user ID...
[2026-01-08 08:26:38] get_user_info() returned: {"id":5,"role":"user","username":"salabim"}
[2026-01-08 08:26:38] Using logged-in user ID: 5
[2026-01-08 08:26:38] Final user_id: 5
[2026-01-08 08:26:38] Action: count
[2026-01-08 08:26:38] === NEW REQUEST === {"action":"count"}
[2026-01-08 08:26:38] Getting current user ID...
[2026-01-08 08:26:38] get_user_info() returned: {"id":5,"role":"user","username":"salabim"}
[2026-01-08 08:26:38] Using logged-in user ID: 5
[2026-01-08 08:26:38] Final user_id: 5
[2026-01-08 08:26:38] Action: count
[2026-01-08 08:52:57] === NEW REQUEST === {"action":"get"}
[2026-01-08 08:52:57] Getting current user ID...
[2026-01-08 08:52:57] get_user_info() returned: {"id":5,"role":"user","username":"salabim"}
[2026-01-08 08:52:57] Using logged-in user ID: 5
[2026-01-08 08:52:57] Final user_id: 5
[2026-01-08 08:52:57] Action: get
[2026-01-08 08:52:57] Getting cart items for user_id: 5
[2026-01-08 08:52:57] Cart items count: 3
[2026-01-08 08:52:57] === NEW REQUEST === {"action":"count"}
[2026-01-08 08:52:57] Getting current user ID...
[2026-01-08 08:52:57] get_user_info() returned: {"id":5,"role":"user","username":"salabim"}
[2026-01-08 08:52:57] Using logged-in user ID: 5
[2026-01-08 08:52:57] Final user_id: 5
[2026-01-08 08:52:57] Action: count
[2026-01-08 08:52:57] === NEW REQUEST === {"action":"count"}
[2026-01-08 08:52:57] Getting current user ID...
[2026-01-08 08:52:57] get_user_info() returned: {"id":5,"role":"user","username":"salabim"}
[2026-01-08 08:52:57] Using logged-in user ID: 5
[2026-01-08 08:52:57] Final user_id: 5
[2026-01-08 08:52:57] Action: count
[2026-01-08 08:53:06] === NEW REQUEST === {"action":"count"}
[2026-01-08 08:53:06] Getting current user ID...
[2026-01-08 08:53:06] get_user_info() returned: {"id":5,"role":"user","username":"salabim"}
[2026-01-08 08:53:06] Using logged-in user ID: 5
[2026-01-08 08:53:06] Final user_id: 5
[2026-01-08 08:53:06] Action: count
[2026-01-08 08:53:06] === NEW REQUEST === {"action":"count"}
[2026-01-08 08:53:06] Getting current user ID...
[2026-01-08 08:53:06] get_user_info() returned: {"id":5,"role":"user","username":"salabim"}
[2026-01-08 08:53:06] Using logged-in user ID: 5
[2026-01-08 08:53:06] Final user_id: 5
[2026-01-08 08:53:06] Action: count
[2026-01-08 08:53:08] === NEW REQUEST === {"action":"get"}
[2026-01-08 08:53:08] Getting current user ID...
[2026-01-08 08:53:08] get_user_info() returned: {"id":5,"role":"user","username":"salabim"}
[2026-01-08 08:53:08] Using logged-in user ID: 5
[2026-01-08 08:53:08] Final user_id: 5
[2026-01-08 08:53:08] Action: get
[2026-01-08 08:53:08] Getting cart items for user_id: 5
[2026-01-08 08:53:08] Cart items count: 3
[2026-01-08 08:53:08] === NEW REQUEST === {"action":"count"}
[2026-01-08 08:53:08] Getting current user ID...
[2026-01-08 08:53:08] get_user_info() returned: {"id":5,"role":"user","username":"salabim"}
[2026-01-08 08:53:08] Using logged-in user ID: 5
[2026-01-08 08:53:08] Final user_id: 5
[2026-01-08 08:53:08] Action: count
[2026-01-08 08:53:08] === NEW REQUEST === {"action":"count"}
[2026-01-08 08:53:08] Getting current user ID...
[2026-01-08 08:53:08] get_user_info() returned: {"id":5,"role":"user","username":"salabim"}
[2026-01-08 08:53:08] Using logged-in user ID: 5
[2026-01-08 08:53:08] Final user_id: 5
[2026-01-08 08:53:08] Action: count
[2026-01-08 08:53:33] === NEW REQUEST === {"action":"count"}
[2026-01-08 08:53:33] Getting current user ID...
[2026-01-08 08:53:33] get_user_info() returned: {"id":5,"role":"user","username":"salabim"}
[2026-01-08 08:53:33] Using logged-in user ID: 5
[2026-01-08 08:53:33] Final user_id: 5
[2026-01-08 08:53:33] Action: count
[2026-01-08 08:53:34] === NEW REQUEST === {"action":"count"}
[2026-01-08 08:53:34] Getting current user ID...
[2026-01-08 08:53:34] get_user_info() returned: {"id":5,"role":"user","username":"salabim"}
[2026-01-08 08:53:34] Using logged-in user ID: 5
[2026-01-08 08:53:34] Final user_id: 5
[2026-01-08 08:53:34] Action: count
[2026-01-08 08:53:36] === NEW REQUEST === {"action":"count"}
[2026-01-08 08:53:36] Getting current user ID...
[2026-01-08 08:53:36] get_user_info() returned: {"id":5,"role":"user","username":"salabim"}
[2026-01-08 08:53:36] Using logged-in user ID: 5
[2026-01-08 08:53:36] Final user_id: 5
[2026-01-08 08:53:36] Action: count
[2026-01-08 08:53:36] === NEW REQUEST === {"action":"get"}
[2026-01-08 08:53:36] Getting current user ID...
[2026-01-08 08:53:36] get_user_info() returned: {"id":5,"role":"user","username":"salabim"}
[2026-01-08 08:53:36] Using logged-in user ID: 5
[2026-01-08 08:53:36] Final user_id: 5
[2026-01-08 08:53:36] Action: get
[2026-01-08 08:53:36] Getting cart items for user_id: 5
[2026-01-08 08:53:36] Cart items count: 3
[2026-01-08 08:53:36] === NEW REQUEST === {"action":"count"}
[2026-01-08 08:53:36] Getting current user ID...
[2026-01-08 08:53:36] get_user_info() returned: {"id":5,"role":"user","username":"salabim"}
[2026-01-08 08:53:36] Using logged-in user ID: 5
[2026-01-08 08:53:36] Final user_id: 5
[2026-01-08 08:53:36] Action: count
[2026-01-08 08:53:38] === NEW REQUEST === {"action":"count"}
[2026-01-08 08:53:38] Getting current user ID...
[2026-01-08 08:53:38] get_user_info() returned: {"id":5,"role":"user","username":"salabim"}
[2026-01-08 08:53:38] Using logged-in user ID: 5
[2026-01-08 08:53:38] Final user_id: 5
[2026-01-08 08:53:38] Action: count
[2026-01-08 08:53:38] === NEW REQUEST === {"action":"count"}
[2026-01-08 08:53:38] Getting current user ID...
[2026-01-08 08:53:38] get_user_info() returned: {"id":5,"role":"user","username":"salabim"}
[2026-01-08 08:53:38] Using logged-in user ID: 5
[2026-01-08 08:53:38] Final user_id: 5
[2026-01-08 08:53:38] Action: count
[2026-01-08 08:53:40] === NEW REQUEST === {"action":"count"}
[2026-01-08 08:53:40] Getting current user ID...
[2026-01-08 08:53:40] get_user_info() returned: {"id":5,"role":"user","username":"salabim"}
[2026-01-08 08:53:40] Using logged-in user ID: 5
[2026-01-08 08:53:40] Final user_id: 5
[2026-01-08 08:53:40] Action: count
[2026-01-08 08:53:40] === NEW REQUEST === {"action":"count"}
[2026-01-08 08:53:40] Getting current user ID...
[2026-01-08 08:53:40] get_user_info() returned: {"id":5,"role":"user","username":"salabim"}
[2026-01-08 08:53:40] Using logged-in user ID: 5
[2026-01-08 08:53:40] Final user_id: 5
[2026-01-08 08:53:40] Action: count
[2026-01-08 08:53:42] === NEW REQUEST === {"action":"get"}
[2026-01-08 08:53:42] Getting current user ID...
[2026-01-08 08:53:42] get_user_info() returned: {"id":5,"role":"user","username":"salabim"}
[2026-01-08 08:53:42] Using logged-in user ID: 5
[2026-01-08 08:53:42] Final user_id: 5
[2026-01-08 08:53:42] Action: get
[2026-01-08 08:53:42] Getting cart items for user_id: 5
[2026-01-08 08:53:42] Cart items count: 3
[2026-01-08 08:53:42] === NEW REQUEST === {"action":"count"}
[2026-01-08 08:53:42] Getting current user ID...
[2026-01-08 08:53:42] get_user_info() returned: {"id":5,"role":"user","username":"salabim"}
[2026-01-08 08:53:42] Using logged-in user ID: 5
[2026-01-08 08:53:42] Final user_id: 5
[2026-01-08 08:53:42] Action: count
[2026-01-08 08:53:42] === NEW REQUEST === {"action":"count"}
[2026-01-08 08:53:42] Getting current user ID...
[2026-01-08 08:53:42] get_user_info() returned: {"id":5,"role":"user","username":"salabim"}
[2026-01-08 08:53:42] Using logged-in user ID: 5
[2026-01-08 08:53:42] Final user_id: 5
[2026-01-08 08:53:42] Action: count
[2026-01-08 09:08:07] === NEW REQUEST === {"action":"count"}
[2026-01-08 09:08:07] Getting current user ID...
[2026-01-08 09:08:07] get_user_info() returned: {"id":5,"role":"user","username":"salabim"}
[2026-01-08 09:08:07] Using logged-in user ID: 5
[2026-01-08 09:08:07] Final user_id: 5
[2026-01-08 09:08:07] Action: count
[2026-01-08 09:08:07] === NEW REQUEST === {"action":"count"}
[2026-01-08 09:08:07] Getting current user ID...
[2026-01-08 09:08:07] get_user_info() returned: {"id":5,"role":"user","username":"salabim"}
[2026-01-08 09:08:07] Using logged-in user ID: 5
[2026-01-08 09:08:07] Final user_id: 5
[2026-01-08 09:08:07] Action: count
[2026-01-08 09:12:00] === NEW REQUEST === {"action":"count"}
[2026-01-08 09:12:00] Getting current user ID...
[2026-01-08 09:12:00] get_user_info() returned: {"id":5,"role":"user","username":"salabim"}
[2026-01-08 09:12:00] Using logged-in user ID: 5
[2026-01-08 09:12:00] Final user_id: 5
[2026-01-08 09:12:00] Action: count
[2026-01-08 09:12:00] === NEW REQUEST === {"action":"count"}
[2026-01-08 09:12:00] Getting current user ID...
[2026-01-08 09:12:00] get_user_info() returned: {"id":5,"role":"user","username":"salabim"}
[2026-01-08 09:12:00] Using logged-in user ID: 5
[2026-01-08 09:12:00] Final user_id: 5
[2026-01-08 09:12:00] Action: count
[2026-01-08 09:12:14] === NEW REQUEST === {"action":"count"}
[2026-01-08 09:12:14] Getting current user ID...
[2026-01-08 09:12:14] get_user_info() returned: {"id":5,"role":"user","username":"salabim"}
[2026-01-08 09:12:14] Using logged-in user ID: 5
[2026-01-08 09:12:14] Final user_id: 5
[2026-01-08 09:12:14] Action: count
[2026-01-08 09:12:14] === NEW REQUEST === {"action":"count"}
[2026-01-08 09:12:14] Getting current user ID...
[2026-01-08 09:12:14] get_user_info() returned: {"id":5,"role":"user","username":"salabim"}
[2026-01-08 09:12:14] Using logged-in user ID: 5
[2026-01-08 09:12:14] Final user_id: 5
[2026-01-08 09:12:14] Action: count
[2026-01-08 09:12:17] === NEW REQUEST === {"action":"count"}
[2026-01-08 09:12:17] Getting current user ID...
[2026-01-08 09:12:17] get_user_info() returned: {"id":5,"role":"user","username":"salabim"}
[2026-01-08 09:12:17] Using logged-in user ID: 5
[2026-01-08 09:12:17] Final user_id: 5
[2026-01-08 09:12:17] Action: count
[2026-01-08 09:12:17] === NEW REQUEST === {"action":"count"}
[2026-01-08 09:12:17] Getting current user ID...
[2026-01-08 09:12:17] get_user_info() returned: {"id":5,"role":"user","username":"salabim"}
[2026-01-08 09:12:17] Using logged-in user ID: 5
[2026-01-08 09:12:17] Final user_id: 5
[2026-01-08 09:12:17] Action: count
[2026-01-08 09:12:17] === NEW REQUEST === {"action":"get"}
[2026-01-08 09:12:17] Getting current user ID...
[2026-01-08 09:12:17] get_user_info() returned: {"id":5,"role":"user","username":"salabim"}
[2026-01-08 09:12:17] Using logged-in user ID: 5
[2026-01-08 09:12:17] Final user_id: 5
[2026-01-08 09:12:17] Action: get
[2026-01-08 09:12:17] Getting cart items for user_id: 5
[2026-01-08 09:12:17] Cart items count: 3
[2026-01-08 09:13:00] === NEW REQUEST === {"action":"count"}
[2026-01-08 09:13:00] Getting current user ID...
[2026-01-08 09:13:00] get_user_info() returned: {"id":5,"role":"user","username":"salabim"}
[2026-01-08 09:13:00] Using logged-in user ID: 5
[2026-01-08 09:13:00] Final user_id: 5
[2026-01-08 09:13:00] Action: count
[2026-01-08 09:13:00] === NEW REQUEST === {"action":"count"}
[2026-01-08 09:13:00] Getting current user ID...
[2026-01-08 09:13:00] get_user_info() returned: {"id":5,"role":"user","username":"salabim"}
[2026-01-08 09:13:00] Using logged-in user ID: 5
[2026-01-08 09:13:00] Final user_id: 5
[2026-01-08 09:13:00] Action: count
[2026-01-08 09:13:02] === NEW REQUEST === {"action":"get"}
[2026-01-08 09:13:02] Getting current user ID...
[2026-01-08 09:13:02] get_user_info() returned: {"id":5,"role":"user","username":"salabim"}
[2026-01-08 09:13:02] Using logged-in user ID: 5
[2026-01-08 09:13:02] Final user_id: 5
[2026-01-08 09:13:02] Action: get
[2026-01-08 09:13:02] Getting cart items for user_id: 5
[2026-01-08 09:13:02] Cart items count: 3
[2026-01-08 09:13:02] === NEW REQUEST === {"action":"count"}
[2026-01-08 09:13:02] Getting current user ID...
[2026-01-08 09:13:02] get_user_info() returned: {"id":5,"role":"user","username":"salabim"}
[2026-01-08 09:13:02] Using logged-in user ID: 5
[2026-01-08 09:13:02] Final user_id: 5
[2026-01-08 09:13:02] Action: count
[2026-01-08 09:13:02] === NEW REQUEST === {"action":"count"}
[2026-01-08 09:13:02] Getting current user ID...
[2026-01-08 09:13:02] get_user_info() returned: {"id":5,"role":"user","username":"salabim"}
[2026-01-08 09:13:02] Using logged-in user ID: 5
[2026-01-08 09:13:02] Final user_id: 5
[2026-01-08 09:13:02] Action: count
[2026-01-08 09:13:06] === NEW REQUEST === {"action":"count"}
[2026-01-08 09:13:06] Getting current user ID...
[2026-01-08 09:13:06] get_user_info() returned: {"id":5,"role":"user","username":"salabim"}
[2026-01-08 09:13:06] Using logged-in user ID: 5
[2026-01-08 09:13:06] Final user_id: 5
[2026-01-08 09:13:06] Action: count
[2026-01-08 09:13:06] === NEW REQUEST === {"action":"count"}
[2026-01-08 09:13:06] Getting current user ID...
[2026-01-08 09:13:06] get_user_info() returned: {"id":5,"role":"user","username":"salabim"}
[2026-01-08 09:13:06] Using logged-in user ID: 5
[2026-01-08 09:13:06] Final user_id: 5
[2026-01-08 09:13:06] Action: count
[2026-01-08 09:13:06] === NEW REQUEST === {"action":"get"}
[2026-01-08 09:13:06] Getting current user ID...
[2026-01-08 09:13:06] get_user_info() returned: {"id":5,"role":"user","username":"salabim"}
[2026-01-08 09:13:06] Using logged-in user ID: 5
[2026-01-08 09:13:06] Final user_id: 5
[2026-01-08 09:13:06] Action: get
[2026-01-08 09:13:06] Getting cart items for user_id: 5
[2026-01-08 09:13:06] Cart items count: 3
[2026-01-08 09:14:35] === NEW REQUEST === {"action":"get"}
[2026-01-08 09:14:35] Getting current user ID...
[2026-01-08 09:14:35] get_user_info() returned: {"id":5,"role":"user","username":"salabim"}
[2026-01-08 09:14:35] Using logged-in user ID: 5
[2026-01-08 09:14:35] Final user_id: 5
[2026-01-08 09:14:35] Action: get
[2026-01-08 09:14:35] Getting cart items for user_id: 5
[2026-01-08 09:14:35] Cart items count: 3
[2026-01-08 09:14:35] === NEW REQUEST === {"action":"count"}
[2026-01-08 09:14:35] Getting current user ID...
[2026-01-08 09:14:35] get_user_info() returned: {"id":5,"role":"user","username":"salabim"}
[2026-01-08 09:14:35] Using logged-in user ID: 5
[2026-01-08 09:14:35] Final user_id: 5
[2026-01-08 09:14:35] Action: count
[2026-01-08 09:14:35] === NEW REQUEST === {"action":"count"}
[2026-01-08 09:14:35] Getting current user ID...
[2026-01-08 09:14:35] get_user_info() returned: {"id":5,"role":"user","username":"salabim"}
[2026-01-08 09:14:35] Using logged-in user ID: 5
[2026-01-08 09:14:35] Final user_id: 5
[2026-01-08 09:14:35] Action: count
[2026-01-08 09:19:22] === NEW REQUEST === {"action":"count"}
[2026-01-08 09:19:22] Getting current user ID...
[2026-01-08 09:19:22] get_user_info() returned: {"id":5,"role":"user","username":"salabim"}
[2026-01-08 09:19:22] Using logged-in user ID: 5
[2026-01-08 09:19:22] Final user_id: 5
[2026-01-08 09:19:22] Action: count
[2026-01-08 09:19:22] === NEW REQUEST === {"action":"get"}
[2026-01-08 09:19:22] Getting current user ID...
[2026-01-08 09:19:22] get_user_info() returned: {"id":5,"role":"user","username":"salabim"}
[2026-01-08 09:19:22] Using logged-in user ID: 5
[2026-01-08 09:19:22] Final user_id: 5
[2026-01-08 09:19:22] Action: get
[2026-01-08 09:19:22] Getting cart items for user_id: 5
[2026-01-08 09:19:22] Cart items count: 3
[2026-01-08 09:19:22] === NEW REQUEST === {"action":"count"}
[2026-01-08 09:19:22] Getting current user ID...
[2026-01-08 09:19:22] get_user_info() returned: {"id":5,"role":"user","username":"salabim"}
[2026-01-08 09:19:22] Using logged-in user ID: 5
[2026-01-08 09:19:22] Final user_id: 5
[2026-01-08 09:19:22] Action: count
[2026-01-08 09:19:27] === NEW REQUEST === {"action":"count"}
[2026-01-08 09:19:27] Getting current user ID...
[2026-01-08 09:19:27] get_user_info() returned: {"id":5,"role":"user","username":"salabim"}
[2026-01-08 09:19:27] Using logged-in user ID: 5
[2026-01-08 09:19:27] Final user_id: 5
[2026-01-08 09:19:27] Action: count
[2026-01-08 09:19:27] === NEW REQUEST === {"action":"get"}
[2026-01-08 09:19:27] Getting current user ID...
[2026-01-08 09:19:27] get_user_info() returned: {"id":5,"role":"user","username":"salabim"}
[2026-01-08 09:19:27] Using logged-in user ID: 5
[2026-01-08 09:19:27] Final user_id: 5
[2026-01-08 09:19:27] Action: get
[2026-01-08 09:19:27] Getting cart items for user_id: 5
[2026-01-08 09:19:27] Cart items count: 3
[2026-01-08 09:19:27] === NEW REQUEST === {"action":"count"}
[2026-01-08 09:19:27] Getting current user ID...
[2026-01-08 09:19:27] get_user_info() returned: {"id":5,"role":"user","username":"salabim"}
[2026-01-08 09:19:27] Using logged-in user ID: 5
[2026-01-08 09:19:27] Final user_id: 5
[2026-01-08 09:19:27] Action: count
[2026-01-08 09:20:35] === NEW REQUEST === {"action":"get"}
[2026-01-08 09:20:35] Getting current user ID...
[2026-01-08 09:20:35] get_user_info() returned: {"id":5,"role":"user","username":"salabim"}
[2026-01-08 09:20:35] Using logged-in user ID: 5
[2026-01-08 09:20:35] Final user_id: 5
[2026-01-08 09:20:35] Action: get
[2026-01-08 09:20:35] Getting cart items for user_id: 5
[2026-01-08 09:20:35] Cart items count: 3
[2026-01-08 09:20:35] === NEW REQUEST === {"action":"count"}
[2026-01-08 09:20:35] Getting current user ID...
[2026-01-08 09:20:35] get_user_info() returned: {"id":5,"role":"user","username":"salabim"}
[2026-01-08 09:20:35] Using logged-in user ID: 5
[2026-01-08 09:20:35] Final user_id: 5
[2026-01-08 09:20:35] Action: count
[2026-01-08 09:20:35] === NEW REQUEST === {"action":"count"}
[2026-01-08 09:20:35] Getting current user ID...
[2026-01-08 09:20:35] get_user_info() returned: {"id":5,"role":"user","username":"salabim"}
[2026-01-08 09:20:35] Using logged-in user ID: 5
[2026-01-08 09:20:35] Final user_id: 5
[2026-01-08 09:20:35] Action: count
[2026-01-08 09:23:14] === NEW REQUEST === {"action":"count"}
[2026-01-08 09:23:14] Getting current user ID...
[2026-01-08 09:23:14] get_user_info() returned: {"id":5,"role":"user","username":"salabim"}
[2026-01-08 09:23:14] Using logged-in user ID: 5
[2026-01-08 09:23:14] Final user_id: 5
[2026-01-08 09:23:14] Action: count
[2026-01-08 09:23:14] === NEW REQUEST === {"action":"count"}
[2026-01-08 09:23:14] Getting current user ID...
[2026-01-08 09:23:14] get_user_info() returned: {"id":5,"role":"user","username":"salabim"}
[2026-01-08 09:23:14] Using logged-in user ID: 5
[2026-01-08 09:23:14] Final user_id: 5
[2026-01-08 09:23:14] Action: count
[2026-01-08 09:23:17] === NEW REQUEST === {"action":"get"}
[2026-01-08 09:23:17] Getting current user ID...
[2026-01-08 09:23:17] get_user_info() returned: {"id":5,"role":"user","username":"salabim"}
[2026-01-08 09:23:17] Using logged-in user ID: 5
[2026-01-08 09:23:17] Final user_id: 5
[2026-01-08 09:23:17] Action: get
[2026-01-08 09:23:17] Getting cart items for user_id: 5
[2026-01-08 09:23:17] Cart items count: 3
[2026-01-08 09:23:17] === NEW REQUEST === {"action":"count"}
[2026-01-08 09:23:17] Getting current user ID...
[2026-01-08 09:23:17] get_user_info() returned: {"id":5,"role":"user","username":"salabim"}
[2026-01-08 09:23:17] Using logged-in user ID: 5
[2026-01-08 09:23:17] Final user_id: 5
[2026-01-08 09:23:17] Action: count
[2026-01-08 09:23:17] === NEW REQUEST === {"action":"count"}
[2026-01-08 09:23:17] Getting current user ID...
[2026-01-08 09:23:17] get_user_info() returned: {"id":5,"role":"user","username":"salabim"}
[2026-01-08 09:23:17] Using logged-in user ID: 5
[2026-01-08 09:23:17] Final user_id: 5
[2026-01-08 09:23:17] Action: count
[2026-01-08 09:23:18] === NEW REQUEST === {"action":"count"}
[2026-01-08 09:23:18] Getting current user ID...
[2026-01-08 09:23:18] get_user_info() returned: {"id":5,"role":"user","username":"salabim"}
[2026-01-08 09:23:18] Using logged-in user ID: 5
[2026-01-08 09:23:18] Final user_id: 5
[2026-01-08 09:23:18] Action: count
[2026-01-08 09:23:18] === NEW REQUEST === {"action":"count"}
[2026-01-08 09:23:18] Getting current user ID...
[2026-01-08 09:23:18] get_user_info() returned: {"id":5,"role":"user","username":"salabim"}
[2026-01-08 09:23:18] Using logged-in user ID: 5
[2026-01-08 09:23:18] Final user_id: 5
[2026-01-08 09:23:18] Action: count
[2026-01-08 09:23:23] === NEW REQUEST === {"action":"get"}
[2026-01-08 09:23:23] Getting current user ID...
[2026-01-08 09:23:23] get_user_info() returned: {"id":5,"role":"user","username":"salabim"}
[2026-01-08 09:23:23] Using logged-in user ID: 5
[2026-01-08 09:23:23] Final user_id: 5
[2026-01-08 09:23:23] Action: get
[2026-01-08 09:23:23] Getting cart items for user_id: 5
[2026-01-08 09:23:23] Cart items count: 3
[2026-01-08 09:23:23] === NEW REQUEST === {"action":"count"}
[2026-01-08 09:23:23] Getting current user ID...
[2026-01-08 09:23:23] get_user_info() returned: {"id":5,"role":"user","username":"salabim"}
[2026-01-08 09:23:23] Using logged-in user ID: 5
[2026-01-08 09:23:23] Final user_id: 5
[2026-01-08 09:23:23] Action: count
[2026-01-08 09:23:23] === NEW REQUEST === {"action":"count"}
[2026-01-08 09:23:23] Getting current user ID...
[2026-01-08 09:23:23] get_user_info() returned: {"id":5,"role":"user","username":"salabim"}
[2026-01-08 09:23:23] Using logged-in user ID: 5
[2026-01-08 09:23:23] Final user_id: 5
[2026-01-08 09:23:23] Action: count
[2026-01-08 09:23:27] === NEW REQUEST === {"action":"count"}
[2026-01-08 09:23:27] Getting current user ID...
[2026-01-08 09:23:27] get_user_info() returned: {"id":5,"role":"user","username":"salabim"}
[2026-01-08 09:23:27] Using logged-in user ID: 5
[2026-01-08 09:23:27] Final user_id: 5
[2026-01-08 09:23:27] Action: count
[2026-01-08 09:23:27] === NEW REQUEST === {"action":"count"}
[2026-01-08 09:23:27] Getting current user ID...
[2026-01-08 09:23:27] get_user_info() returned: {"id":5,"role":"user","username":"salabim"}
[2026-01-08 09:23:27] Using logged-in user ID: 5
[2026-01-08 09:23:27] Final user_id: 5
[2026-01-08 09:23:27] Action: count
[2026-01-08 09:27:56] === NEW REQUEST === {"action":"count"}
[2026-01-08 09:27:56] Getting current user ID...
[2026-01-08 09:27:56] get_user_info() returned: {"id":5,"role":"user","username":"salabim"}
[2026-01-08 09:27:56] Using logged-in user ID: 5
[2026-01-08 09:27:56] Final user_id: 5
[2026-01-08 09:27:56] Action: count
[2026-01-08 09:27:56] === NEW REQUEST === {"action":"count"}
[2026-01-08 09:27:56] Getting current user ID...
[2026-01-08 09:27:56] get_user_info() returned: {"id":5,"role":"user","username":"salabim"}
[2026-01-08 09:27:56] Using logged-in user ID: 5
[2026-01-08 09:27:56] Final user_id: 5
[2026-01-08 09:27:56] Action: count
[2026-01-08 09:35:25] === NEW REQUEST === {"action":"count"}
[2026-01-08 09:35:25] Getting current user ID...
[2026-01-08 09:35:25] get_user_info() returned: {"id":5,"role":"user","username":"salabim"}
[2026-01-08 09:35:25] Using logged-in user ID: 5
[2026-01-08 09:35:25] Final user_id: 5
[2026-01-08 09:35:25] Action: count
[2026-01-08 09:35:25] === NEW REQUEST === {"action":"count"}
[2026-01-08 09:35:25] Getting current user ID...
[2026-01-08 09:35:25] get_user_info() returned: {"id":5,"role":"user","username":"salabim"}
[2026-01-08 09:35:25] Using logged-in user ID: 5
[2026-01-08 09:35:25] Final user_id: 5
[2026-01-08 09:35:25] Action: count
[2026-01-08 09:44:28] === NEW REQUEST === {"action":"count"}
[2026-01-08 09:44:28] Getting current user ID...
[2026-01-08 09:44:28] get_user_info() returned: {"id":5,"role":"user","username":"salabim"}
[2026-01-08 09:44:28] Using logged-in user ID: 5
[2026-01-08 09:44:28] Final user_id: 5
[2026-01-08 09:44:28] Action: count
[2026-01-08 09:44:28] === NEW REQUEST === {"action":"count"}
[2026-01-08 09:44:28] Getting current user ID...
[2026-01-08 09:44:28] get_user_info() returned: {"id":5,"role":"user","username":"salabim"}
[2026-01-08 09:44:28] Using logged-in user ID: 5
[2026-01-08 09:44:28] Final user_id: 5
[2026-01-08 09:44:28] Action: count
[2026-01-08 09:56:25] === NEW REQUEST === {"action":"count"}
[2026-01-08 09:56:25] Getting current user ID...
[2026-01-08 09:56:25] get_user_info() returned: {"id":5,"role":"user","username":"salabim"}
[2026-01-08 09:56:25] Using logged-in user ID: 5
[2026-01-08 09:56:25] Final user_id: 5
[2026-01-08 09:56:25] Action: count
[2026-01-08 09:56:25] === NEW REQUEST === {"action":"count"}
[2026-01-08 09:56:25] Getting current user ID...
[2026-01-08 09:56:25] get_user_info() returned: {"id":5,"role":"user","username":"salabim"}
[2026-01-08 09:56:25] Using logged-in user ID: 5
[2026-01-08 09:56:25] Final user_id: 5
[2026-01-08 09:56:25] Action: count
[2026-01-08 09:56:32] === NEW REQUEST === {"action":"count"}
[2026-01-08 09:56:32] Getting current user ID...
[2026-01-08 09:56:32] get_user_info() returned: {"id":5,"role":"user","username":"salabim"}
[2026-01-08 09:56:32] Using logged-in user ID: 5
[2026-01-08 09:56:32] Final user_id: 5
[2026-01-08 09:56:32] Action: count
[2026-01-08 09:56:32] === NEW REQUEST === {"action":"count"}
[2026-01-08 09:56:32] Getting current user ID...
[2026-01-08 09:56:32] get_user_info() returned: {"id":5,"role":"user","username":"salabim"}
[2026-01-08 09:56:32] Using logged-in user ID: 5
[2026-01-08 09:56:32] Final user_id: 5
[2026-01-08 09:56:32] Action: count
[2026-01-08 10:10:37] === NEW REQUEST === {"action":"count"}
[2026-01-08 10:10:37] Getting current user ID...
[2026-01-08 10:10:37] get_user_info() returned: {"id":5,"role":"user","username":"salabim"}
[2026-01-08 10:10:37] Using logged-in user ID: 5
[2026-01-08 10:10:37] Final user_id: 5
[2026-01-08 10:10:37] Action: count
[2026-01-08 10:10:37] === NEW REQUEST === {"action":"get"}
[2026-01-08 10:10:37] Getting current user ID...
[2026-01-08 10:10:37] get_user_info() returned: {"id":5,"role":"user","username":"salabim"}
[2026-01-08 10:10:37] Using logged-in user ID: 5
[2026-01-08 10:10:37] Final user_id: 5
[2026-01-08 10:10:37] Action: get
[2026-01-08 10:10:37] Getting cart items for user_id: 5
[2026-01-08 10:10:37] Cart items count: 0
[2026-01-08 10:10:37] === NEW REQUEST === {"action":"count"}
[2026-01-08 10:10:37] Getting current user ID...
[2026-01-08 10:10:37] get_user_info() returned: {"id":5,"role":"user","username":"salabim"}
[2026-01-08 10:10:37] Using logged-in user ID: 5
[2026-01-08 10:10:37] Final user_id: 5
[2026-01-08 10:10:37] Action: count
[2026-01-08 10:10:45] === NEW REQUEST === {"action":"count"}
[2026-01-08 10:10:45] Getting current user ID...
[2026-01-08 10:10:45] get_user_info() returned: {"id":5,"role":"user","username":"salabim"}
[2026-01-08 10:10:45] Using logged-in user ID: 5
[2026-01-08 10:10:45] Final user_id: 5
[2026-01-08 10:10:45] Action: count
[2026-01-08 10:10:45] === NEW REQUEST === {"action":"count"}
[2026-01-08 10:10:45] Getting current user ID...
[2026-01-08 10:10:45] get_user_info() returned: {"id":5,"role":"user","username":"salabim"}
[2026-01-08 10:10:45] Using logged-in user ID: 5
[2026-01-08 10:10:45] Final user_id: 5
[2026-01-08 10:10:45] Action: count
[2026-01-08 10:10:53] === NEW REQUEST === {"action":"count"}
[2026-01-08 10:10:53] Getting current user ID...
[2026-01-08 10:10:53] get_user_info() returned: {"id":5,"role":"user","username":"salabim"}
[2026-01-08 10:10:53] Using logged-in user ID: 5
[2026-01-08 10:10:53] Final user_id: 5
[2026-01-08 10:10:53] Action: count
[2026-01-08 10:10:53] === NEW REQUEST === {"action":"count"}
[2026-01-08 10:10:53] Getting current user ID...
[2026-01-08 10:10:53] get_user_info() returned: {"id":5,"role":"user","username":"salabim"}
[2026-01-08 10:10:53] Using logged-in user ID: 5
[2026-01-08 10:10:53] Final user_id: 5
[2026-01-08 10:10:53] Action: count
[2026-01-08 10:10:54] === NEW REQUEST === {"action":"count"}
[2026-01-08 10:10:54] Getting current user ID...
[2026-01-08 10:10:54] get_user_info() returned: {"id":5,"role":"user","username":"salabim"}
[2026-01-08 10:10:54] Using logged-in user ID: 5
[2026-01-08 10:10:54] Final user_id: 5
[2026-01-08 10:10:54] Action: count
[2026-01-08 10:10:54] === NEW REQUEST === {"action":"count"}
[2026-01-08 10:10:54] Getting current user ID...
[2026-01-08 10:10:54] get_user_info() returned: {"id":5,"role":"user","username":"salabim"}
[2026-01-08 10:10:54] Using logged-in user ID: 5
[2026-01-08 10:10:54] Final user_id: 5
[2026-01-08 10:10:54] Action: count
[2026-01-08 10:10:57] === NEW REQUEST === {"action":"count"}
[2026-01-08 10:10:57] Getting current user ID...
[2026-01-08 10:10:57] get_user_info() returned: {"id":5,"role":"user","username":"salabim"}
[2026-01-08 10:10:57] Using logged-in user ID: 5
[2026-01-08 10:10:57] Final user_id: 5
[2026-01-08 10:10:57] Action: count
[2026-01-08 10:10:58] === NEW REQUEST === {"action":"count"}
[2026-01-08 10:10:58] Getting current user ID...
[2026-01-08 10:10:58] get_user_info() returned: {"id":5,"role":"user","username":"salabim"}
[2026-01-08 10:10:58] Using logged-in user ID: 5
[2026-01-08 10:10:58] Final user_id: 5
[2026-01-08 10:10:58] Action: count
[2026-01-08 10:10:58] === NEW REQUEST === {"action":"get"}
[2026-01-08 10:10:58] Getting current user ID...
[2026-01-08 10:10:58] get_user_info() returned: {"id":5,"role":"user","username":"salabim"}
[2026-01-08 10:10:58] Using logged-in user ID: 5
[2026-01-08 10:10:58] Final user_id: 5
[2026-01-08 10:10:58] Action: get
[2026-01-08 10:10:58] Getting cart items for user_id: 5
[2026-01-08 10:10:58] Cart items count: 0
[2026-01-08 10:10:58] === NEW REQUEST === {"action":"count"}
[2026-01-08 10:10:58] Getting current user ID...
[2026-01-08 10:10:58] get_user_info() returned: {"id":5,"role":"user","username":"salabim"}
[2026-01-08 10:10:58] Using logged-in user ID: 5
[2026-01-08 10:10:58] Final user_id: 5
[2026-01-08 10:10:58] Action: count
[2026-01-08 10:10:58] === NEW REQUEST === {"action":"count"}
[2026-01-08 10:10:58] Getting current user ID...
[2026-01-08 10:10:58] get_user_info() returned: {"id":5,"role":"user","username":"salabim"}
[2026-01-08 10:10:58] Using logged-in user ID: 5
[2026-01-08 10:10:58] Final user_id: 5
[2026-01-08 10:10:58] Action: count
[2026-01-08 10:10:59] === NEW REQUEST === {"action":"count"}
[2026-01-08 10:10:59] Getting current user ID...
[2026-01-08 10:10:59] get_user_info() returned: {"id":5,"role":"user","username":"salabim"}
[2026-01-08 10:10:59] Using logged-in user ID: 5
[2026-01-08 10:10:59] Final user_id: 5
[2026-01-08 10:10:59] Action: count
[2026-01-08 10:10:59] === NEW REQUEST === {"action":"count"}
[2026-01-08 10:10:59] Getting current user ID...
[2026-01-08 10:10:59] get_user_info() returned: {"id":5,"role":"user","username":"salabim"}
[2026-01-08 10:10:59] Using logged-in user ID: 5
[2026-01-08 10:10:59] Final user_id: 5
[2026-01-08 10:10:59] Action: count
[2026-01-08 10:11:01] === NEW REQUEST === {"action":"count"}
[2026-01-08 10:11:01] Getting current user ID...
[2026-01-08 10:11:01] get_user_info() returned: {"id":5,"role":"user","username":"salabim"}
[2026-01-08 10:11:01] Using logged-in user ID: 5
[2026-01-08 10:11:01] Final user_id: 5
[2026-01-08 10:11:01] Action: count
[2026-01-08 10:11:01] === NEW REQUEST === {"action":"count"}
[2026-01-08 10:11:01] Getting current user ID...
[2026-01-08 10:11:01] get_user_info() returned: {"id":5,"role":"user","username":"salabim"}
[2026-01-08 10:11:01] Using logged-in user ID: 5
[2026-01-08 10:11:01] Final user_id: 5
[2026-01-08 10:11:01] Action: count
[2026-01-08 10:11:02] === NEW REQUEST === {"action":"add"}
[2026-01-08 10:11:02] Getting current user ID...
[2026-01-08 10:11:02] get_user_info() returned: {"id":5,"role":"user","username":"salabim"}
[2026-01-08 10:11:02] Using logged-in user ID: 5
[2026-01-08 10:11:02] Final user_id: 5
[2026-01-08 10:11:02] Action: add
[2026-01-08 10:11:02] Processing ADD action
[2026-01-08 10:11:02] Raw input: {"id_produk":13,"quantity":1}
[2026-01-08 10:11:02] Parsed input: {"id_produk":13,"quantity":1}
[2026-01-08 10:11:02] id_produk: 13, qty: 1, user_id: 5
[2026-01-08 10:11:02] Checking stock for product 13
[2026-01-08 10:11:02] Product check result: {"stok":16}
[2026-01-08 10:11:02] Checking if item exists in cart for user 5 and product 13
[2026-01-08 10:11:02] Item exists in cart: no
[2026-01-08 10:11:02] Inserting new item to cart
[2026-01-08 10:11:02] SUCCESS: New item added to cart
[2026-01-08 10:11:02] === NEW REQUEST === {"action":"count"}
[2026-01-08 10:11:02] Getting current user ID...
[2026-01-08 10:11:02] get_user_info() returned: {"id":5,"role":"user","username":"salabim"}
[2026-01-08 10:11:02] Using logged-in user ID: 5
[2026-01-08 10:11:02] Final user_id: 5
[2026-01-08 10:11:02] Action: count
[2026-01-08 10:11:03] === NEW REQUEST === {"action":"get"}
[2026-01-08 10:11:03] Getting current user ID...
[2026-01-08 10:11:03] get_user_info() returned: {"id":5,"role":"user","username":"salabim"}
[2026-01-08 10:11:03] Using logged-in user ID: 5
[2026-01-08 10:11:03] Final user_id: 5
[2026-01-08 10:11:03] Action: get
[2026-01-08 10:11:03] Getting cart items for user_id: 5
[2026-01-08 10:11:03] Cart items count: 1
[2026-01-08 10:11:03] === NEW REQUEST === {"action":"count"}
[2026-01-08 10:11:03] Getting current user ID...
[2026-01-08 10:11:03] get_user_info() returned: {"id":5,"role":"user","username":"salabim"}
[2026-01-08 10:11:03] Using logged-in user ID: 5
[2026-01-08 10:11:03] Final user_id: 5
[2026-01-08 10:11:03] Action: count
[2026-01-08 10:11:03] === NEW REQUEST === {"action":"count"}
[2026-01-08 10:11:03] Getting current user ID...
[2026-01-08 10:11:03] get_user_info() returned: {"id":5,"role":"user","username":"salabim"}
[2026-01-08 10:11:03] Using logged-in user ID: 5
[2026-01-08 10:11:03] Final user_id: 5
[2026-01-08 10:11:03] Action: count
[2026-01-08 10:11:04] === NEW REQUEST === {"action":"count"}
[2026-01-08 10:11:04] Getting current user ID...
[2026-01-08 10:11:04] get_user_info() returned: {"id":5,"role":"user","username":"salabim"}
[2026-01-08 10:11:04] Using logged-in user ID: 5
[2026-01-08 10:11:04] Final user_id: 5
[2026-01-08 10:11:04] Action: count
[2026-01-08 10:11:04] === NEW REQUEST === {"action":"count"}
[2026-01-08 10:11:04] Getting current user ID...
[2026-01-08 10:11:04] get_user_info() returned: {"id":5,"role":"user","username":"salabim"}
[2026-01-08 10:11:04] Using logged-in user ID: 5
[2026-01-08 10:11:04] Final user_id: 5
[2026-01-08 10:11:04] Action: count
[2026-01-08 10:11:53] === NEW REQUEST === {"action":"count"}
[2026-01-08 10:11:53] Getting current user ID...
[2026-01-08 10:11:53] get_user_info() returned: {"id":5,"role":"user","username":"salabim"}
[2026-01-08 10:11:53] Using logged-in user ID: 5
[2026-01-08 10:11:53] Final user_id: 5
[2026-01-08 10:11:53] Action: count
[2026-01-08 10:11:53] === NEW REQUEST === {"action":"count"}
[2026-01-08 10:11:53] Getting current user ID...
[2026-01-08 10:11:53] get_user_info() returned: {"id":5,"role":"user","username":"salabim"}
[2026-01-08 10:11:53] Using logged-in user ID: 5
[2026-01-08 10:11:53] Final user_id: 5
[2026-01-08 10:11:53] Action: count
[2026-01-08 10:12:04] === NEW REQUEST === {"action":"count"}
[2026-01-08 10:12:04] Getting current user ID...
[2026-01-08 10:12:04] get_user_info() returned: {"id":5,"role":"user","username":"salabim"}
[2026-01-08 10:12:04] Using logged-in user ID: 5
[2026-01-08 10:12:04] Final user_id: 5
[2026-01-08 10:12:04] Action: count
[2026-01-08 10:12:04] === NEW REQUEST === {"action":"count"}
[2026-01-08 10:12:04] Getting current user ID...
[2026-01-08 10:12:04] get_user_info() returned: {"id":5,"role":"user","username":"salabim"}
[2026-01-08 10:12:04] Using logged-in user ID: 5
[2026-01-08 10:12:04] Final user_id: 5
[2026-01-08 10:12:04] Action: count
[2026-01-08 10:12:26] === NEW REQUEST === {"action":"count"}
[2026-01-08 10:12:26] Getting current user ID...
[2026-01-08 10:12:26] get_user_info() returned: {"id":5,"role":"user","username":"salabim"}
[2026-01-08 10:12:26] Using logged-in user ID: 5
[2026-01-08 10:12:26] Final user_id: 5
[2026-01-08 10:12:26] Action: count
[2026-01-08 10:12:26] === NEW REQUEST === {"action":"get"}
[2026-01-08 10:12:26] Getting current user ID...
[2026-01-08 10:12:26] get_user_info() returned: {"id":5,"role":"user","username":"salabim"}
[2026-01-08 10:12:26] Using logged-in user ID: 5
[2026-01-08 10:12:26] Final user_id: 5
[2026-01-08 10:12:26] Action: get
[2026-01-08 10:12:26] Getting cart items for user_id: 5
[2026-01-08 10:12:26] Cart items count: 0
[2026-01-08 10:12:26] === NEW REQUEST === {"action":"count"}
[2026-01-08 10:12:26] Getting current user ID...
[2026-01-08 10:12:26] get_user_info() returned: {"id":5,"role":"user","username":"salabim"}
[2026-01-08 10:12:26] Using logged-in user ID: 5
[2026-01-08 10:12:26] Final user_id: 5
[2026-01-08 10:12:26] Action: count
[2026-01-08 10:14:26] === NEW REQUEST === {"action":"count"}
[2026-01-08 10:14:26] Getting current user ID...
[2026-01-08 10:14:26] get_user_info() returned: {"id":5,"role":"user","username":"salabim"}
[2026-01-08 10:14:26] Using logged-in user ID: 5
[2026-01-08 10:14:26] Final user_id: 5
[2026-01-08 10:14:26] Action: count
[2026-01-08 10:14:26] === NEW REQUEST === {"action":"count"}
[2026-01-08 10:14:26] Getting current user ID...
[2026-01-08 10:14:26] get_user_info() returned: {"id":5,"role":"user","username":"salabim"}
[2026-01-08 10:14:26] Using logged-in user ID: 5
[2026-01-08 10:14:26] Final user_id: 5
[2026-01-08 10:14:26] Action: count
[2026-01-08 10:20:26] === NEW REQUEST === {"action":"count"}
[2026-01-08 10:20:26] Getting current user ID...
[2026-01-08 10:20:26] get_user_info() returned: {"id":5,"role":"user","username":"salabim"}
[2026-01-08 10:20:26] Using logged-in user ID: 5
[2026-01-08 10:20:26] Final user_id: 5
[2026-01-08 10:20:26] Action: count
[2026-01-08 10:20:26] === NEW REQUEST === {"action":"count"}
[2026-01-08 10:20:26] Getting current user ID...
[2026-01-08 10:20:26] get_user_info() returned: {"id":5,"role":"user","username":"salabim"}
[2026-01-08 10:20:26] Using logged-in user ID: 5
[2026-01-08 10:20:26] Final user_id: 5
[2026-01-08 10:20:26] Action: count
[2026-01-08 10:20:27] === NEW REQUEST === {"action":"count"}
[2026-01-08 10:20:27] Getting current user ID...
[2026-01-08 10:20:27] get_user_info() returned: {"id":5,"role":"user","username":"salabim"}
[2026-01-08 10:20:27] Using logged-in user ID: 5
[2026-01-08 10:20:27] Final user_id: 5
[2026-01-08 10:20:27] Action: count
[2026-01-08 10:20:27] === NEW REQUEST === {"action":"count"}
[2026-01-08 10:20:27] Getting current user ID...
[2026-01-08 10:20:27] get_user_info() returned: {"id":5,"role":"user","username":"salabim"}
[2026-01-08 10:20:27] Using logged-in user ID: 5
[2026-01-08 10:20:27] Final user_id: 5
[2026-01-08 10:20:27] Action: count
[2026-01-08 10:20:29] === NEW REQUEST === {"action":"count"}
[2026-01-08 10:20:29] Getting current user ID...
[2026-01-08 10:20:29] get_user_info() returned: {"id":5,"role":"user","username":"salabim"}
[2026-01-08 10:20:29] Using logged-in user ID: 5
[2026-01-08 10:20:29] Final user_id: 5
[2026-01-08 10:20:29] Action: count
[2026-01-08 10:20:29] === NEW REQUEST === {"action":"count"}
[2026-01-08 10:20:29] Getting current user ID...
[2026-01-08 10:20:29] get_user_info() returned: {"id":5,"role":"user","username":"salabim"}
[2026-01-08 10:20:29] Using logged-in user ID: 5
[2026-01-08 10:20:29] Final user_id: 5
[2026-01-08 10:20:29] Action: count
[2026-01-08 10:20:32] === NEW REQUEST === {"action":"add"}
[2026-01-08 10:20:32] Getting current user ID...
[2026-01-08 10:20:32] get_user_info() returned: {"id":5,"role":"user","username":"salabim"}
[2026-01-08 10:20:32] Using logged-in user ID: 5
[2026-01-08 10:20:32] Final user_id: 5
[2026-01-08 10:20:32] Action: add
[2026-01-08 10:20:32] Processing ADD action
[2026-01-08 10:20:32] Raw input: {"id_produk":12,"quantity":1}
[2026-01-08 10:20:32] Parsed input: {"id_produk":12,"quantity":1}
[2026-01-08 10:20:32] id_produk: 12, qty: 1, user_id: 5
[2026-01-08 10:20:32] Checking stock for product 12
[2026-01-08 10:20:32] Product check result: {"stok":30}
[2026-01-08 10:20:32] Checking if item exists in cart for user 5 and product 12
[2026-01-08 10:20:32] Item exists in cart: no
[2026-01-08 10:20:32] Inserting new item to cart
[2026-01-08 10:20:32] SUCCESS: New item added to cart
[2026-01-08 10:20:32] === NEW REQUEST === {"action":"count"}
[2026-01-08 10:20:32] Getting current user ID...
[2026-01-08 10:20:32] get_user_info() returned: {"id":5,"role":"user","username":"salabim"}
[2026-01-08 10:20:32] Using logged-in user ID: 5
[2026-01-08 10:20:32] Final user_id: 5
[2026-01-08 10:20:32] Action: count
[2026-01-08 10:20:33] === NEW REQUEST === {"action":"count"}
[2026-01-08 10:20:33] Getting current user ID...
[2026-01-08 10:20:33] get_user_info() returned: {"id":5,"role":"user","username":"salabim"}
[2026-01-08 10:20:33] Using logged-in user ID: 5
[2026-01-08 10:20:33] Final user_id: 5
[2026-01-08 10:20:33] Action: count
[2026-01-08 10:20:33] === NEW REQUEST === {"action":"get"}
[2026-01-08 10:20:33] Getting current user ID...
[2026-01-08 10:20:33] get_user_info() returned: {"id":5,"role":"user","username":"salabim"}
[2026-01-08 10:20:33] Using logged-in user ID: 5
[2026-01-08 10:20:33] Final user_id: 5
[2026-01-08 10:20:33] Action: get
[2026-01-08 10:20:33] Getting cart items for user_id: 5
[2026-01-08 10:20:33] Cart items count: 1
[2026-01-08 10:20:33] === NEW REQUEST === {"action":"count"}
[2026-01-08 10:20:33] Getting current user ID...
[2026-01-08 10:20:33] get_user_info() returned: {"id":5,"role":"user","username":"salabim"}
[2026-01-08 10:20:33] Using logged-in user ID: 5
[2026-01-08 10:20:33] Final user_id: 5
[2026-01-08 10:20:33] Action: count
[2026-01-08 10:20:36] === NEW REQUEST === {"action":"count"}
[2026-01-08 10:20:36] Getting current user ID...
[2026-01-08 10:20:36] get_user_info() returned: {"id":5,"role":"user","username":"salabim"}
[2026-01-08 10:20:36] Using logged-in user ID: 5
[2026-01-08 10:20:36] Final user_id: 5
[2026-01-08 10:20:36] Action: count
[2026-01-08 10:20:36] === NEW REQUEST === {"action":"count"}
[2026-01-08 10:20:36] Getting current user ID...
[2026-01-08 10:20:36] get_user_info() returned: {"id":5,"role":"user","username":"salabim"}
[2026-01-08 10:20:36] Using logged-in user ID: 5
[2026-01-08 10:20:36] Final user_id: 5
[2026-01-08 10:20:36] Action: count
[2026-01-08 10:21:13] === NEW REQUEST === {"action":"count"}
[2026-01-08 10:21:13] Getting current user ID...
[2026-01-08 10:21:13] get_user_info() returned: {"id":5,"role":"user","username":"salabim"}
[2026-01-08 10:21:13] Using logged-in user ID: 5
[2026-01-08 10:21:13] Final user_id: 5
[2026-01-08 10:21:13] Action: count
[2026-01-08 10:21:13] === NEW REQUEST === {"action":"count"}
[2026-01-08 10:21:13] Getting current user ID...
[2026-01-08 10:21:13] get_user_info() returned: {"id":5,"role":"user","username":"salabim"}
[2026-01-08 10:21:13] Using logged-in user ID: 5
[2026-01-08 10:21:13] Final user_id: 5
[2026-01-08 10:21:13] Action: count
[2026-01-08 10:21:17] === NEW REQUEST === {"action":"count"}
[2026-01-08 10:21:17] Getting current user ID...
[2026-01-08 10:21:17] get_user_info() returned: {"id":5,"role":"user","username":"salabim"}
[2026-01-08 10:21:17] Using logged-in user ID: 5
[2026-01-08 10:21:17] Final user_id: 5
[2026-01-08 10:21:17] Action: count
[2026-01-08 10:21:17] === NEW REQUEST === {"action":"count"}
[2026-01-08 10:21:17] Getting current user ID...
[2026-01-08 10:21:17] get_user_info() returned: {"id":5,"role":"user","username":"salabim"}
[2026-01-08 10:21:17] Using logged-in user ID: 5
[2026-01-08 10:21:17] Final user_id: 5
[2026-01-08 10:21:17] Action: count
[2026-01-08 10:21:38] === NEW REQUEST === {"action":"count"}
[2026-01-08 10:21:38] Getting current user ID...
[2026-01-08 10:21:38] get_user_info() returned: {"id":5,"role":"user","username":"salabim"}
[2026-01-08 10:21:38] Using logged-in user ID: 5
[2026-01-08 10:21:38] Final user_id: 5
[2026-01-08 10:21:38] Action: count
[2026-01-08 10:21:38] === NEW REQUEST === {"action":"count"}
[2026-01-08 10:21:38] Getting current user ID...
[2026-01-08 10:21:38] get_user_info() returned: {"id":5,"role":"user","username":"salabim"}
[2026-01-08 10:21:38] Using logged-in user ID: 5
[2026-01-08 10:21:38] Final user_id: 5
[2026-01-08 10:21:38] Action: count
[2026-01-08 10:21:38] === NEW REQUEST === {"action":"get"}
[2026-01-08 10:21:38] Getting current user ID...
[2026-01-08 10:21:38] get_user_info() returned: {"id":5,"role":"user","username":"salabim"}
[2026-01-08 10:21:38] Using logged-in user ID: 5
[2026-01-08 10:21:38] Final user_id: 5
[2026-01-08 10:21:38] Action: get
[2026-01-08 10:21:38] Getting cart items for user_id: 5
[2026-01-08 10:21:38] Cart items count: 0
[2026-01-08 10:21:43] === NEW REQUEST === {"action":"count"}
[2026-01-08 10:21:43] Getting current user ID...
[2026-01-08 10:21:43] get_user_info() returned: {"id":5,"role":"user","username":"salabim"}
[2026-01-08 10:21:43] Using logged-in user ID: 5
[2026-01-08 10:21:43] Final user_id: 5
[2026-01-08 10:21:43] Action: count
[2026-01-08 10:21:43] === NEW REQUEST === {"action":"count"}
[2026-01-08 10:21:43] Getting current user ID...
[2026-01-08 10:21:43] get_user_info() returned: {"id":5,"role":"user","username":"salabim"}
[2026-01-08 10:21:43] Using logged-in user ID: 5
[2026-01-08 10:21:43] Final user_id: 5
[2026-01-08 10:21:43] Action: count
[2026-01-08 10:21:44] === NEW REQUEST === {"action":"count"}
[2026-01-08 10:21:44] Getting current user ID...
[2026-01-08 10:21:44] get_user_info() returned: {"id":5,"role":"user","username":"salabim"}
[2026-01-08 10:21:44] Using logged-in user ID: 5
[2026-01-08 10:21:44] Final user_id: 5
[2026-01-08 10:21:44] Action: count
[2026-01-08 10:21:44] === NEW REQUEST === {"action":"count"}
[2026-01-08 10:21:44] Getting current user ID...
[2026-01-08 10:21:44] get_user_info() returned: {"id":5,"role":"user","username":"salabim"}
[2026-01-08 10:21:44] Using logged-in user ID: 5
[2026-01-08 10:21:44] Final user_id: 5
[2026-01-08 10:21:44] Action: count
[2026-01-08 10:40:00] === NEW REQUEST === {"action":"count"}
[2026-01-08 10:40:00] Getting current user ID...
[2026-01-08 10:40:00] get_user_info() returned: {"id":5,"role":"user","username":"salabim"}
[2026-01-08 10:40:00] Using logged-in user ID: 5
[2026-01-08 10:40:00] Final user_id: 5
[2026-01-08 10:40:00] Action: count
[2026-01-08 10:40:00] === NEW REQUEST === {"action":"count"}
[2026-01-08 10:40:00] Getting current user ID...
[2026-01-08 10:40:00] get_user_info() returned: {"id":5,"role":"user","username":"salabim"}
[2026-01-08 10:40:00] Using logged-in user ID: 5
[2026-01-08 10:40:00] Final user_id: 5
[2026-01-08 10:40:00] Action: count
[2026-01-08 10:40:01] === NEW REQUEST === {"action":"count"}
[2026-01-08 10:40:01] Getting current user ID...
[2026-01-08 10:40:01] get_user_info() returned: {"id":5,"role":"user","username":"salabim"}
[2026-01-08 10:40:01] Using logged-in user ID: 5
[2026-01-08 10:40:01] Final user_id: 5
[2026-01-08 10:40:01] Action: count
[2026-01-08 10:40:01] === NEW REQUEST === {"action":"count"}
[2026-01-08 10:40:01] Getting current user ID...
[2026-01-08 10:40:01] get_user_info() returned: {"id":5,"role":"user","username":"salabim"}
[2026-01-08 10:40:01] Using logged-in user ID: 5
[2026-01-08 10:40:01] Final user_id: 5
[2026-01-08 10:40:01] Action: count
[2026-01-08 10:40:03] === NEW REQUEST === {"action":"count"}
[2026-01-08 10:40:03] Getting current user ID...
[2026-01-08 10:40:03] get_user_info() returned: {"id":5,"role":"user","username":"salabim"}
[2026-01-08 10:40:03] Using logged-in user ID: 5
[2026-01-08 10:40:03] Final user_id: 5
[2026-01-08 10:40:03] Action: count
[2026-01-08 10:40:03] === NEW REQUEST === {"action":"count"}
[2026-01-08 10:40:03] Getting current user ID...
[2026-01-08 10:40:03] get_user_info() returned: {"id":5,"role":"user","username":"salabim"}
[2026-01-08 10:40:03] Using logged-in user ID: 5
[2026-01-08 10:40:03] Final user_id: 5
[2026-01-08 10:40:03] Action: count
[2026-01-08 10:40:03] === NEW REQUEST === {"action":"add"}
[2026-01-08 10:40:03] Getting current user ID...
[2026-01-08 10:40:03] get_user_info() returned: {"id":5,"role":"user","username":"salabim"}
[2026-01-08 10:40:03] Using logged-in user ID: 5
[2026-01-08 10:40:03] Final user_id: 5
[2026-01-08 10:40:03] Action: add
[2026-01-08 10:40:03] Processing ADD action
[2026-01-08 10:40:03] Raw input: {"id_produk":13,"quantity":1}
[2026-01-08 10:40:03] Parsed input: {"id_produk":13,"quantity":1}
[2026-01-08 10:40:03] id_produk: 13, qty: 1, user_id: 5
[2026-01-08 10:40:03] Checking stock for product 13
[2026-01-08 10:40:03] Product check result: {"stok":16}
[2026-01-08 10:40:03] Checking if item exists in cart for user 5 and product 13
[2026-01-08 10:40:03] Item exists in cart: no
[2026-01-08 10:40:03] Inserting new item to cart
[2026-01-08 10:40:03] SUCCESS: New item added to cart
[2026-01-08 10:40:03] === NEW REQUEST === {"action":"count"}
[2026-01-08 10:40:03] Getting current user ID...
[2026-01-08 10:40:03] get_user_info() returned: {"id":5,"role":"user","username":"salabim"}
[2026-01-08 10:40:03] Using logged-in user ID: 5
[2026-01-08 10:40:03] Final user_id: 5
[2026-01-08 10:40:03] Action: count
[2026-01-08 10:40:04] === NEW REQUEST === {"action":"get"}
[2026-01-08 10:40:04] Getting current user ID...
[2026-01-08 10:40:04] get_user_info() returned: {"id":5,"role":"user","username":"salabim"}
[2026-01-08 10:40:04] Using logged-in user ID: 5
[2026-01-08 10:40:04] Final user_id: 5
[2026-01-08 10:40:04] Action: get
[2026-01-08 10:40:04] Getting cart items for user_id: 5
[2026-01-08 10:40:04] Cart items count: 1
[2026-01-08 10:40:04] === NEW REQUEST === {"action":"count"}
[2026-01-08 10:40:04] Getting current user ID...
[2026-01-08 10:40:04] get_user_info() returned: {"id":5,"role":"user","username":"salabim"}
[2026-01-08 10:40:04] Using logged-in user ID: 5
[2026-01-08 10:40:04] Final user_id: 5
[2026-01-08 10:40:04] Action: count
[2026-01-08 10:40:04] === NEW REQUEST === {"action":"count"}
[2026-01-08 10:40:04] Getting current user ID...
[2026-01-08 10:40:04] get_user_info() returned: {"id":5,"role":"user","username":"salabim"}
[2026-01-08 10:40:04] Using logged-in user ID: 5
[2026-01-08 10:40:04] Final user_id: 5
[2026-01-08 10:40:04] Action: count
[2026-01-08 10:40:05] === NEW REQUEST === {"action":"count"}
[2026-01-08 10:40:05] Getting current user ID...
[2026-01-08 10:40:05] get_user_info() returned: {"id":5,"role":"user","username":"salabim"}
[2026-01-08 10:40:05] Using logged-in user ID: 5
[2026-01-08 10:40:05] Final user_id: 5
[2026-01-08 10:40:05] Action: count
[2026-01-08 10:40:05] === NEW REQUEST === {"action":"count"}
[2026-01-08 10:40:05] Getting current user ID...
[2026-01-08 10:40:05] get_user_info() returned: {"id":5,"role":"user","username":"salabim"}
[2026-01-08 10:40:05] Using logged-in user ID: 5
[2026-01-08 10:40:05] Final user_id: 5
[2026-01-08 10:40:05] Action: count
[2026-01-08 10:40:25] === NEW REQUEST === {"action":"count"}
[2026-01-08 10:40:25] Getting current user ID...
[2026-01-08 10:40:25] get_user_info() returned: {"id":5,"role":"user","username":"salabim"}
[2026-01-08 10:40:25] Using logged-in user ID: 5
[2026-01-08 10:40:25] Final user_id: 5
[2026-01-08 10:40:25] Action: count
[2026-01-08 10:40:25] === NEW REQUEST === {"action":"count"}
[2026-01-08 10:40:25] Getting current user ID...
[2026-01-08 10:40:25] get_user_info() returned: {"id":5,"role":"user","username":"salabim"}
[2026-01-08 10:40:25] Using logged-in user ID: 5
[2026-01-08 10:40:25] Final user_id: 5
[2026-01-08 10:40:25] Action: count
[2026-01-08 10:40:30] === NEW REQUEST === {"action":"count"}
[2026-01-08 10:40:30] Getting current user ID...
[2026-01-08 10:40:30] get_user_info() returned: {"id":5,"role":"user","username":"salabim"}
[2026-01-08 10:40:30] Using logged-in user ID: 5
[2026-01-08 10:40:30] Final user_id: 5
[2026-01-08 10:40:30] Action: count
[2026-01-08 10:40:30] === NEW REQUEST === {"action":"count"}
[2026-01-08 10:40:30] Getting current user ID...
[2026-01-08 10:40:30] get_user_info() returned: {"id":5,"role":"user","username":"salabim"}
[2026-01-08 10:40:30] Using logged-in user ID: 5
[2026-01-08 10:40:30] Final user_id: 5
[2026-01-08 10:40:30] Action: count
[2026-01-08 10:40:41] === NEW REQUEST === {"action":"count"}
[2026-01-08 10:40:41] Getting current user ID...
[2026-01-08 10:40:41] get_user_info() returned: {"id":5,"role":"user","username":"salabim"}
[2026-01-08 10:40:41] Using logged-in user ID: 5
[2026-01-08 10:40:41] Final user_id: 5
[2026-01-08 10:40:41] Action: count
[2026-01-08 10:40:41] === NEW REQUEST === {"action":"get"}
[2026-01-08 10:40:41] Getting current user ID...
[2026-01-08 10:40:41] get_user_info() returned: {"id":5,"role":"user","username":"salabim"}
[2026-01-08 10:40:41] Using logged-in user ID: 5
[2026-01-08 10:40:41] Final user_id: 5
[2026-01-08 10:40:41] Action: get
[2026-01-08 10:40:41] Getting cart items for user_id: 5
[2026-01-08 10:40:41] Cart items count: 0
[2026-01-08 10:40:41] === NEW REQUEST === {"action":"count"}
[2026-01-08 10:40:41] Getting current user ID...
[2026-01-08 10:40:41] get_user_info() returned: {"id":5,"role":"user","username":"salabim"}
[2026-01-08 10:40:41] Using logged-in user ID: 5
[2026-01-08 10:40:41] Final user_id: 5
[2026-01-08 10:40:41] Action: count
[2026-01-08 10:40:44] === NEW REQUEST === {"action":"count"}
[2026-01-08 10:40:44] Getting current user ID...
[2026-01-08 10:40:44] get_user_info() returned: {"id":5,"role":"user","username":"salabim"}
[2026-01-08 10:40:44] Using logged-in user ID: 5
[2026-01-08 10:40:44] Final user_id: 5
[2026-01-08 10:40:44] Action: count
[2026-01-08 10:40:44] === NEW REQUEST === {"action":"get"}
[2026-01-08 10:40:44] Getting current user ID...
[2026-01-08 10:40:44] get_user_info() returned: {"id":5,"role":"user","username":"salabim"}
[2026-01-08 10:40:44] Using logged-in user ID: 5
[2026-01-08 10:40:44] Final user_id: 5
[2026-01-08 10:40:44] Action: get
[2026-01-08 10:40:44] Getting cart items for user_id: 5
[2026-01-08 10:40:44] Cart items count: 0
[2026-01-08 10:40:44] === NEW REQUEST === {"action":"count"}
[2026-01-08 10:40:44] Getting current user ID...
[2026-01-08 10:40:44] get_user_info() returned: {"id":5,"role":"user","username":"salabim"}
[2026-01-08 10:40:44] Using logged-in user ID: 5
[2026-01-08 10:40:44] Final user_id: 5
[2026-01-08 10:40:44] Action: count
[2026-01-08 10:40:46] === NEW REQUEST === {"action":"count"}
[2026-01-08 10:40:46] Getting current user ID...
[2026-01-08 10:40:46] get_user_info() returned: {"id":5,"role":"user","username":"salabim"}
[2026-01-08 10:40:46] Using logged-in user ID: 5
[2026-01-08 10:40:46] Final user_id: 5
[2026-01-08 10:40:46] Action: count
[2026-01-08 10:40:46] === NEW REQUEST === {"action":"count"}
[2026-01-08 10:40:46] Getting current user ID...
[2026-01-08 10:40:46] get_user_info() returned: {"id":5,"role":"user","username":"salabim"}
[2026-01-08 10:40:46] Using logged-in user ID: 5
[2026-01-08 10:40:46] Final user_id: 5
[2026-01-08 10:40:46] Action: count
[2026-01-08 10:40:47] === NEW REQUEST === {"action":"count"}
[2026-01-08 10:40:47] Getting current user ID...
[2026-01-08 10:40:47] get_user_info() returned: {"id":5,"role":"user","username":"salabim"}
[2026-01-08 10:40:47] Using logged-in user ID: 5
[2026-01-08 10:40:47] Final user_id: 5
[2026-01-08 10:40:47] Action: count
[2026-01-08 10:40:48] === NEW REQUEST === {"action":"count"}
[2026-01-08 10:40:48] Getting current user ID...
[2026-01-08 10:40:48] get_user_info() returned: {"id":5,"role":"user","username":"salabim"}
[2026-01-08 10:40:48] Using logged-in user ID: 5
[2026-01-08 10:40:48] Final user_id: 5
[2026-01-08 10:40:48] Action: count
[2026-01-08 10:40:48] === NEW REQUEST === {"action":"count"}
[2026-01-08 10:40:48] Getting current user ID...
[2026-01-08 10:40:48] get_user_info() returned: {"id":5,"role":"user","username":"salabim"}
[2026-01-08 10:40:48] Using logged-in user ID: 5
[2026-01-08 10:40:48] Final user_id: 5
[2026-01-08 10:40:48] Action: count
[2026-01-08 10:40:48] === NEW REQUEST === {"action":"count"}
[2026-01-08 10:40:48] Getting current user ID...
[2026-01-08 10:40:48] get_user_info() returned: {"id":5,"role":"user","username":"salabim"}
[2026-01-08 10:40:48] Using logged-in user ID: 5
[2026-01-08 10:40:48] Final user_id: 5
[2026-01-08 10:40:48] Action: count
[2026-01-08 11:00:42] === NEW REQUEST === {"action":"count"}
[2026-01-08 11:00:42] Getting current user ID...
[2026-01-08 11:00:42] get_user_info() returned: {"id":5,"role":"user","username":"salabim"}
[2026-01-08 11:00:42] Using logged-in user ID: 5
[2026-01-08 11:00:42] Final user_id: 5
[2026-01-08 11:00:42] Action: count
[2026-01-08 11:00:42] === NEW REQUEST === {"action":"count"}
[2026-01-08 11:00:42] Getting current user ID...
[2026-01-08 11:00:42] get_user_info() returned: {"id":5,"role":"user","username":"salabim"}
[2026-01-08 11:00:42] Using logged-in user ID: 5
[2026-01-08 11:00:42] Final user_id: 5
[2026-01-08 11:00:42] Action: count
[2026-01-08 11:00:49] === NEW REQUEST === {"action":"count"}
[2026-01-08 11:00:49] Getting current user ID...
[2026-01-08 11:00:49] get_user_info() returned: {"id":5,"role":"user","username":"salabim"}
[2026-01-08 11:00:49] Using logged-in user ID: 5
[2026-01-08 11:00:49] Final user_id: 5
[2026-01-08 11:00:49] Action: count
[2026-01-08 11:00:49] === NEW REQUEST === {"action":"count"}
[2026-01-08 11:00:49] Getting current user ID...
[2026-01-08 11:00:49] get_user_info() returned: {"id":5,"role":"user","username":"salabim"}
[2026-01-08 11:00:49] Using logged-in user ID: 5
[2026-01-08 11:00:49] Final user_id: 5
[2026-01-08 11:00:49] Action: count
[2026-01-08 11:00:49] === NEW REQUEST === {"action":"get"}
[2026-01-08 11:00:49] Getting current user ID...
[2026-01-08 11:00:49] get_user_info() returned: {"id":5,"role":"user","username":"salabim"}
[2026-01-08 11:00:49] Using logged-in user ID: 5
[2026-01-08 11:00:49] Final user_id: 5
[2026-01-08 11:00:49] Action: get
[2026-01-08 11:00:49] Getting cart items for user_id: 5
[2026-01-08 11:00:49] Cart items count: 0
[2026-01-08 11:01:12] === NEW REQUEST === {"action":"count"}
[2026-01-08 11:01:12] Getting current user ID...
[2026-01-08 11:01:12] get_user_info() returned: {"id":5,"role":"user","username":"salabim"}
[2026-01-08 11:01:12] Using logged-in user ID: 5
[2026-01-08 11:01:12] Final user_id: 5
[2026-01-08 11:01:12] Action: count
[2026-01-08 11:01:12] === NEW REQUEST === {"action":"get"}
[2026-01-08 11:01:12] Getting current user ID...
[2026-01-08 11:01:12] get_user_info() returned: {"id":5,"role":"user","username":"salabim"}
[2026-01-08 11:01:12] Using logged-in user ID: 5
[2026-01-08 11:01:12] Final user_id: 5
[2026-01-08 11:01:12] Action: get
[2026-01-08 11:01:12] Getting cart items for user_id: 5
[2026-01-08 11:01:12] Cart items count: 0
[2026-01-08 11:01:12] === NEW REQUEST === {"action":"count"}
[2026-01-08 11:01:12] Getting current user ID...
[2026-01-08 11:01:12] get_user_info() returned: {"id":5,"role":"user","username":"salabim"}
[2026-01-08 11:01:12] Using logged-in user ID: 5
[2026-01-08 11:01:12] Final user_id: 5
[2026-01-08 11:01:12] Action: count
[2026-01-08 11:01:19] === NEW REQUEST === {"action":"count"}
[2026-01-08 11:01:19] Getting current user ID...
[2026-01-08 11:01:19] get_user_info() returned: {"id":5,"role":"user","username":"salabim"}
[2026-01-08 11:01:19] Using logged-in user ID: 5
[2026-01-08 11:01:19] Final user_id: 5
[2026-01-08 11:01:19] Action: count
[2026-01-08 11:01:19] === NEW REQUEST === {"action":"count"}
[2026-01-08 11:01:19] Getting current user ID...
[2026-01-08 11:01:19] get_user_info() returned: {"id":5,"role":"user","username":"salabim"}
[2026-01-08 11:01:19] Using logged-in user ID: 5
[2026-01-08 11:01:19] Final user_id: 5
[2026-01-08 11:01:19] Action: count
[2026-01-08 11:01:30] === NEW REQUEST === {"action":"count"}
[2026-01-08 11:01:30] Getting current user ID...
[2026-01-08 11:01:30] get_user_info() returned: {"id":5,"role":"user","username":"salabim"}
[2026-01-08 11:01:30] Using logged-in user ID: 5
[2026-01-08 11:01:30] Final user_id: 5
[2026-01-08 11:01:30] Action: count
[2026-01-08 11:01:30] === NEW REQUEST === {"action":"count"}
[2026-01-08 11:01:30] Getting current user ID...
[2026-01-08 11:01:30] get_user_info() returned: {"id":5,"role":"user","username":"salabim"}
[2026-01-08 11:01:30] Using logged-in user ID: 5
[2026-01-08 11:01:30] Final user_id: 5
[2026-01-08 11:01:30] Action: count
[2026-01-08 11:01:31] === NEW REQUEST === {"action":"add"}
[2026-01-08 11:01:31] Getting current user ID...
[2026-01-08 11:01:31] get_user_info() returned: {"id":5,"role":"user","username":"salabim"}
[2026-01-08 11:01:31] Using logged-in user ID: 5
[2026-01-08 11:01:31] Final user_id: 5
[2026-01-08 11:01:31] Action: add
[2026-01-08 11:01:31] Processing ADD action
[2026-01-08 11:01:31] Raw input: {"id_produk":13,"quantity":1}
[2026-01-08 11:01:31] Parsed input: {"id_produk":13,"quantity":1}
[2026-01-08 11:01:31] id_produk: 13, qty: 1, user_id: 5
[2026-01-08 11:01:31] Checking stock for product 13
[2026-01-08 11:01:31] Product check result: {"stok":16}
[2026-01-08 11:01:31] Checking if item exists in cart for user 5 and product 13
[2026-01-08 11:01:31] Item exists in cart: no
[2026-01-08 11:01:31] Inserting new item to cart
[2026-01-08 11:01:31] SUCCESS: New item added to cart
[2026-01-08 11:01:31] === NEW REQUEST === {"action":"count"}
[2026-01-08 11:01:31] Getting current user ID...
[2026-01-08 11:01:31] get_user_info() returned: {"id":5,"role":"user","username":"salabim"}
[2026-01-08 11:01:31] Using logged-in user ID: 5
[2026-01-08 11:01:31] Final user_id: 5
[2026-01-08 11:01:31] Action: count
[2026-01-08 11:01:33] === NEW REQUEST === {"action":"count"}
[2026-01-08 11:01:33] Getting current user ID...
[2026-01-08 11:01:33] get_user_info() returned: {"id":5,"role":"user","username":"salabim"}
[2026-01-08 11:01:33] Using logged-in user ID: 5
[2026-01-08 11:01:33] Final user_id: 5
[2026-01-08 11:01:33] Action: count
[2026-01-08 11:01:33] === NEW REQUEST === {"action":"count"}
[2026-01-08 11:01:33] Getting current user ID...
[2026-01-08 11:01:33] get_user_info() returned: {"id":5,"role":"user","username":"salabim"}
[2026-01-08 11:01:33] Using logged-in user ID: 5
[2026-01-08 11:01:33] Final user_id: 5
[2026-01-08 11:01:33] Action: count
[2026-01-08 11:01:33] === NEW REQUEST === {"action":"get"}
[2026-01-08 11:01:33] Getting current user ID...
[2026-01-08 11:01:33] get_user_info() returned: {"id":5,"role":"user","username":"salabim"}
[2026-01-08 11:01:33] Using logged-in user ID: 5
[2026-01-08 11:01:33] Final user_id: 5
[2026-01-08 11:01:33] Action: get
[2026-01-08 11:01:33] Getting cart items for user_id: 5
[2026-01-08 11:01:33] Cart items count: 1
[2026-01-08 11:01:42] === NEW REQUEST === {"action":"count"}
[2026-01-08 11:01:42] Getting current user ID...
[2026-01-08 11:01:42] get_user_info() returned: {"id":5,"role":"user","username":"salabim"}
[2026-01-08 11:01:42] Using logged-in user ID: 5
[2026-01-08 11:01:42] Final user_id: 5
[2026-01-08 11:01:42] Action: count
[2026-01-08 11:01:42] === NEW REQUEST === {"action":"count"}
[2026-01-08 11:01:42] Getting current user ID...
[2026-01-08 11:01:42] get_user_info() returned: {"id":5,"role":"user","username":"salabim"}
[2026-01-08 11:01:42] Using logged-in user ID: 5
[2026-01-08 11:01:42] Final user_id: 5
[2026-01-08 11:01:42] Action: count
[2026-01-08 11:02:14] === NEW REQUEST === {"action":"count"}
[2026-01-08 11:02:14] Getting current user ID...
[2026-01-08 11:02:14] get_user_info() returned: {"id":5,"role":"user","username":"salabim"}
[2026-01-08 11:02:14] Using logged-in user ID: 5
[2026-01-08 11:02:14] Final user_id: 5
[2026-01-08 11:02:14] Action: count
[2026-01-08 11:02:14] === NEW REQUEST === {"action":"count"}
[2026-01-08 11:02:14] Getting current user ID...
[2026-01-08 11:02:14] get_user_info() returned: {"id":5,"role":"user","username":"salabim"}
[2026-01-08 11:02:14] Using logged-in user ID: 5
[2026-01-08 11:02:14] Final user_id: 5
[2026-01-08 11:02:14] Action: count
[2026-01-08 11:02:31] === NEW REQUEST === {"action":"count"}
[2026-01-08 11:02:31] Getting current user ID...
[2026-01-08 11:02:31] get_user_info() returned: {"id":5,"role":"user","username":"salabim"}
[2026-01-08 11:02:31] Using logged-in user ID: 5
[2026-01-08 11:02:31] Final user_id: 5
[2026-01-08 11:02:31] Action: count
[2026-01-08 11:02:31] === NEW REQUEST === {"action":"count"}
[2026-01-08 11:02:31] Getting current user ID...
[2026-01-08 11:02:31] get_user_info() returned: {"id":5,"role":"user","username":"salabim"}
[2026-01-08 11:02:31] Using logged-in user ID: 5
[2026-01-08 11:02:31] Final user_id: 5
[2026-01-08 11:02:31] Action: count
[2026-01-08 11:03:26] === NEW REQUEST === {"action":"get"}
[2026-01-08 11:03:26] Getting current user ID...
[2026-01-08 11:03:26] get_user_info() returned: {"id":5,"role":"user","username":"salabim"}
[2026-01-08 11:03:26] Using logged-in user ID: 5
[2026-01-08 11:03:26] Final user_id: 5
[2026-01-08 11:03:26] Action: get
[2026-01-08 11:03:26] Getting cart items for user_id: 5
[2026-01-08 11:03:26] Cart items count: 0
[2026-01-08 11:03:26] === NEW REQUEST === {"action":"count"}
[2026-01-08 11:03:26] Getting current user ID...
[2026-01-08 11:03:26] get_user_info() returned: {"id":5,"role":"user","username":"salabim"}
[2026-01-08 11:03:26] Using logged-in user ID: 5
[2026-01-08 11:03:26] Final user_id: 5
[2026-01-08 11:03:26] Action: count
[2026-01-08 11:03:26] === NEW REQUEST === {"action":"count"}
[2026-01-08 11:03:26] Getting current user ID...
[2026-01-08 11:03:26] get_user_info() returned: {"id":5,"role":"user","username":"salabim"}
[2026-01-08 11:03:26] Using logged-in user ID: 5
[2026-01-08 11:03:26] Final user_id: 5
[2026-01-08 11:03:26] Action: count
[2026-01-08 11:08:37] === NEW REQUEST === {"action":"get"}
[2026-01-08 11:08:37] Getting current user ID...
[2026-01-08 11:08:37] get_user_info() returned: {"id":5,"role":"user","username":"salabim"}
[2026-01-08 11:08:37] Using logged-in user ID: 5
[2026-01-08 11:08:37] Final user_id: 5
[2026-01-08 11:08:37] Action: get
[2026-01-08 11:08:37] Getting cart items for user_id: 5
[2026-01-08 11:08:37] Cart items count: 0
[2026-01-08 11:08:37] === NEW REQUEST === {"action":"count"}
[2026-01-08 11:08:37] Getting current user ID...
[2026-01-08 11:08:37] get_user_info() returned: {"id":5,"role":"user","username":"salabim"}
[2026-01-08 11:08:37] Using logged-in user ID: 5
[2026-01-08 11:08:37] Final user_id: 5
[2026-01-08 11:08:37] Action: count
[2026-01-08 11:08:37] === NEW REQUEST === {"action":"count"}
[2026-01-08 11:08:37] Getting current user ID...
[2026-01-08 11:08:37] get_user_info() returned: {"id":5,"role":"user","username":"salabim"}
[2026-01-08 11:08:37] Using logged-in user ID: 5
[2026-01-08 11:08:37] Final user_id: 5
[2026-01-08 11:08:37] Action: count
[2026-01-08 11:08:45] === NEW REQUEST === {"action":"count"}
[2026-01-08 11:08:45] Getting current user ID...
[2026-01-08 11:08:45] get_user_info() returned: {"id":5,"role":"user","username":"salabim"}
[2026-01-08 11:08:45] Using logged-in user ID: 5
[2026-01-08 11:08:45] Final user_id: 5
[2026-01-08 11:08:45] Action: count
[2026-01-08 11:08:45] === NEW REQUEST === {"action":"count"}
[2026-01-08 11:08:45] Getting current user ID...
[2026-01-08 11:08:45] get_user_info() returned: {"id":5,"role":"user","username":"salabim"}
[2026-01-08 11:08:45] Using logged-in user ID: 5
[2026-01-08 11:08:45] Final user_id: 5
[2026-01-08 11:08:45] Action: count
[2026-01-08 11:08:48] === NEW REQUEST === {"action":"count"}
[2026-01-08 11:08:48] Getting current user ID...
[2026-01-08 11:08:48] get_user_info() returned: {"id":5,"role":"user","username":"salabim"}
[2026-01-08 11:08:48] Using logged-in user ID: 5
[2026-01-08 11:08:48] Final user_id: 5
[2026-01-08 11:08:48] Action: count
[2026-01-08 11:08:48] === NEW REQUEST === {"action":"count"}
[2026-01-08 11:08:48] Getting current user ID...
[2026-01-08 11:08:48] get_user_info() returned: {"id":5,"role":"user","username":"salabim"}
[2026-01-08 11:08:48] Using logged-in user ID: 5
[2026-01-08 11:08:48] Final user_id: 5
[2026-01-08 11:08:48] Action: count
[2026-01-08 11:08:49] === NEW REQUEST === {"action":"add"}
[2026-01-08 11:08:49] Getting current user ID...
[2026-01-08 11:08:49] get_user_info() returned: {"id":5,"role":"user","username":"salabim"}
[2026-01-08 11:08:49] Using logged-in user ID: 5
[2026-01-08 11:08:49] Final user_id: 5
[2026-01-08 11:08:49] Action: add
[2026-01-08 11:08:49] Processing ADD action
[2026-01-08 11:08:49] Raw input: {"id_produk":13,"quantity":1}
[2026-01-08 11:08:49] Parsed input: {"id_produk":13,"quantity":1}
[2026-01-08 11:08:49] id_produk: 13, qty: 1, user_id: 5
[2026-01-08 11:08:49] Checking stock for product 13
[2026-01-08 11:08:49] Product check result: {"stok":16}
[2026-01-08 11:08:49] Checking if item exists in cart for user 5 and product 13
[2026-01-08 11:08:49] Item exists in cart: no
[2026-01-08 11:08:49] Inserting new item to cart
[2026-01-08 11:08:49] SUCCESS: New item added to cart
[2026-01-08 11:08:50] === NEW REQUEST === {"action":"count"}
[2026-01-08 11:08:50] Getting current user ID...
[2026-01-08 11:08:50] get_user_info() returned: {"id":5,"role":"user","username":"salabim"}
[2026-01-08 11:08:50] Using logged-in user ID: 5
[2026-01-08 11:08:50] Final user_id: 5
[2026-01-08 11:08:50] Action: count
[2026-01-08 11:08:51] === NEW REQUEST === {"action":"get"}
[2026-01-08 11:08:51] Getting current user ID...
[2026-01-08 11:08:51] get_user_info() returned: {"id":5,"role":"user","username":"salabim"}
[2026-01-08 11:08:51] Using logged-in user ID: 5
[2026-01-08 11:08:51] Final user_id: 5
[2026-01-08 11:08:51] Action: get
[2026-01-08 11:08:51] Getting cart items for user_id: 5
[2026-01-08 11:08:51] Cart items count: 1
[2026-01-08 11:08:51] === NEW REQUEST === {"action":"count"}
[2026-01-08 11:08:51] Getting current user ID...
[2026-01-08 11:08:51] get_user_info() returned: {"id":5,"role":"user","username":"salabim"}
[2026-01-08 11:08:51] Using logged-in user ID: 5
[2026-01-08 11:08:51] Final user_id: 5
[2026-01-08 11:08:51] Action: count
[2026-01-08 11:08:51] === NEW REQUEST === {"action":"count"}
[2026-01-08 11:08:51] Getting current user ID...
[2026-01-08 11:08:51] get_user_info() returned: {"id":5,"role":"user","username":"salabim"}
[2026-01-08 11:08:51] Using logged-in user ID: 5
[2026-01-08 11:08:51] Final user_id: 5
[2026-01-08 11:08:51] Action: count
[2026-01-08 11:08:54] === NEW REQUEST === {"action":"count"}
[2026-01-08 11:08:54] Getting current user ID...
[2026-01-08 11:08:54] get_user_info() returned: {"id":5,"role":"user","username":"salabim"}
[2026-01-08 11:08:54] Using logged-in user ID: 5
[2026-01-08 11:08:54] Final user_id: 5
[2026-01-08 11:08:54] Action: count
[2026-01-08 11:08:54] === NEW REQUEST === {"action":"count"}
[2026-01-08 11:08:54] Getting current user ID...
[2026-01-08 11:08:54] get_user_info() returned: {"id":5,"role":"user","username":"salabim"}
[2026-01-08 11:08:54] Using logged-in user ID: 5
[2026-01-08 11:08:54] Final user_id: 5
[2026-01-08 11:08:54] Action: count
[2026-01-08 11:09:09] === NEW REQUEST === {"action":"count"}
[2026-01-08 11:09:09] Getting current user ID...
[2026-01-08 11:09:09] get_user_info() returned: {"id":5,"role":"user","username":"salabim"}
[2026-01-08 11:09:09] Using logged-in user ID: 5
[2026-01-08 11:09:09] Final user_id: 5
[2026-01-08 11:09:09] Action: count
[2026-01-08 11:09:10] === NEW REQUEST === {"action":"count"}
[2026-01-08 11:09:10] Getting current user ID...
[2026-01-08 11:09:10] get_user_info() returned: {"id":5,"role":"user","username":"salabim"}
[2026-01-08 11:09:10] Using logged-in user ID: 5
[2026-01-08 11:09:10] Final user_id: 5
[2026-01-08 11:09:10] Action: count
[2026-01-08 11:09:13] === NEW REQUEST === {"action":"count"}
[2026-01-08 11:09:13] Getting current user ID...
[2026-01-08 11:09:13] get_user_info() returned: {"id":5,"role":"user","username":"salabim"}
[2026-01-08 11:09:13] Using logged-in user ID: 5
[2026-01-08 11:09:13] Final user_id: 5
[2026-01-08 11:09:13] Action: count
[2026-01-08 11:09:13] === NEW REQUEST === {"action":"count"}
[2026-01-08 11:09:13] Getting current user ID...
[2026-01-08 11:09:13] get_user_info() returned: {"id":5,"role":"user","username":"salabim"}
[2026-01-08 11:09:13] Using logged-in user ID: 5
[2026-01-08 11:09:13] Final user_id: 5
[2026-01-08 11:09:13] Action: count
[2026-01-08 11:09:29] === NEW REQUEST === {"action":"count"}
[2026-01-08 11:09:29] Getting current user ID...
[2026-01-08 11:09:29] get_user_info() returned: {"id":5,"role":"user","username":"salabim"}
[2026-01-08 11:09:29] Using logged-in user ID: 5
[2026-01-08 11:09:29] Final user_id: 5
[2026-01-08 11:09:29] Action: count
[2026-01-08 11:09:29] === NEW REQUEST === {"action":"count"}
[2026-01-08 11:09:29] Getting current user ID...
[2026-01-08 11:09:29] get_user_info() returned: {"id":5,"role":"user","username":"salabim"}
[2026-01-08 11:09:29] Using logged-in user ID: 5
[2026-01-08 11:09:29] Final user_id: 5
[2026-01-08 11:09:29] Action: count
[2026-01-08 11:36:51] === NEW REQUEST === {"action":"count"}
[2026-01-08 11:36:51] Getting current user ID...
[2026-01-08 11:36:51] get_user_info() returned: {"id":5,"role":"user","username":"salabim"}
[2026-01-08 11:36:51] Using logged-in user ID: 5
[2026-01-08 11:36:51] Final user_id: 5
[2026-01-08 11:36:51] Action: count
[2026-01-08 11:36:51] === NEW REQUEST === {"action":"count"}
[2026-01-08 11:36:51] Getting current user ID...
[2026-01-08 11:36:51] get_user_info() returned: {"id":5,"role":"user","username":"salabim"}
[2026-01-08 11:36:51] Using logged-in user ID: 5
[2026-01-08 11:36:51] Final user_id: 5
[2026-01-08 11:36:51] Action: count
[2026-01-08 11:37:00] === NEW REQUEST === {"action":"count"}
[2026-01-08 11:37:00] Getting current user ID...
[2026-01-08 11:37:00] get_user_info() returned: {"id":5,"role":"user","username":"salabim"}
[2026-01-08 11:37:00] Using logged-in user ID: 5
[2026-01-08 11:37:00] Final user_id: 5
[2026-01-08 11:37:00] Action: count
[2026-01-08 11:37:00] === NEW REQUEST === {"action":"count"}
[2026-01-08 11:37:00] Getting current user ID...
[2026-01-08 11:37:00] get_user_info() returned: {"id":5,"role":"user","username":"salabim"}
[2026-01-08 11:37:00] Using logged-in user ID: 5
[2026-01-08 11:37:00] Final user_id: 5
[2026-01-08 11:37:00] Action: count
[2026-01-08 11:37:01] === NEW REQUEST === {"action":"add"}
[2026-01-08 11:37:01] Getting current user ID...
[2026-01-08 11:37:02] get_user_info() returned: {"id":5,"role":"user","username":"salabim"}
[2026-01-08 11:37:02] Using logged-in user ID: 5
[2026-01-08 11:37:02] Final user_id: 5
[2026-01-08 11:37:02] Action: add
[2026-01-08 11:37:02] Processing ADD action
[2026-01-08 11:37:02] Raw input: {"id_produk":13,"quantity":1}
[2026-01-08 11:37:02] Parsed input: {"id_produk":13,"quantity":1}
[2026-01-08 11:37:02] id_produk: 13, qty: 1, user_id: 5
[2026-01-08 11:37:02] Checking stock for product 13
[2026-01-08 11:37:02] Product check result: {"stok":16}
[2026-01-08 11:37:02] Checking if item exists in cart for user 5 and product 13
[2026-01-08 11:37:02] Item exists in cart: no
[2026-01-08 11:37:02] Inserting new item to cart
[2026-01-08 11:37:02] SUCCESS: New item added to cart
[2026-01-08 11:37:02] === NEW REQUEST === {"action":"count"}
[2026-01-08 11:37:02] Getting current user ID...
[2026-01-08 11:37:02] get_user_info() returned: {"id":5,"role":"user","username":"salabim"}
[2026-01-08 11:37:02] Using logged-in user ID: 5
[2026-01-08 11:37:02] Final user_id: 5
[2026-01-08 11:37:02] Action: count
[2026-01-08 11:37:04] === NEW REQUEST === {"action":"get"}
[2026-01-08 11:37:04] Getting current user ID...
[2026-01-08 11:37:04] get_user_info() returned: {"id":5,"role":"user","username":"salabim"}
[2026-01-08 11:37:04] Using logged-in user ID: 5
[2026-01-08 11:37:04] Final user_id: 5
[2026-01-08 11:37:04] Action: get
[2026-01-08 11:37:04] Getting cart items for user_id: 5
[2026-01-08 11:37:04] Cart items count: 1
[2026-01-08 11:37:04] === NEW REQUEST === {"action":"count"}
[2026-01-08 11:37:04] Getting current user ID...
[2026-01-08 11:37:04] get_user_info() returned: {"id":5,"role":"user","username":"salabim"}
[2026-01-08 11:37:04] Using logged-in user ID: 5
[2026-01-08 11:37:04] Final user_id: 5
[2026-01-08 11:37:04] Action: count
[2026-01-08 11:37:04] === NEW REQUEST === {"action":"count"}
[2026-01-08 11:37:04] Getting current user ID...
[2026-01-08 11:37:04] get_user_info() returned: {"id":5,"role":"user","username":"salabim"}
[2026-01-08 11:37:04] Using logged-in user ID: 5
[2026-01-08 11:37:04] Final user_id: 5
[2026-01-08 11:37:04] Action: count
[2026-01-08 11:37:06] === NEW REQUEST === {"action":"count"}
[2026-01-08 11:37:06] Getting current user ID...
[2026-01-08 11:37:06] get_user_info() returned: {"id":5,"role":"user","username":"salabim"}
[2026-01-08 11:37:06] Using logged-in user ID: 5
[2026-01-08 11:37:06] Final user_id: 5
[2026-01-08 11:37:06] Action: count
[2026-01-08 11:37:06] === NEW REQUEST === {"action":"count"}
[2026-01-08 11:37:06] Getting current user ID...
[2026-01-08 11:37:06] get_user_info() returned: {"id":5,"role":"user","username":"salabim"}
[2026-01-08 11:37:06] Using logged-in user ID: 5
[2026-01-08 11:37:06] Final user_id: 5
[2026-01-08 11:37:06] Action: count
[2026-01-08 11:37:33] === NEW REQUEST === {"action":"count"}
[2026-01-08 11:37:33] Getting current user ID...
[2026-01-08 11:37:33] get_user_info() returned: {"id":5,"role":"user","username":"salabim"}
[2026-01-08 11:37:33] Using logged-in user ID: 5
[2026-01-08 11:37:33] Final user_id: 5
[2026-01-08 11:37:33] Action: count
[2026-01-08 11:37:33] === NEW REQUEST === {"action":"count"}
[2026-01-08 11:37:33] Getting current user ID...
[2026-01-08 11:37:33] get_user_info() returned: {"id":5,"role":"user","username":"salabim"}
[2026-01-08 11:37:33] Using logged-in user ID: 5
[2026-01-08 11:37:33] Final user_id: 5
[2026-01-08 11:37:33] Action: count
[2026-01-08 11:37:38] === NEW REQUEST === {"action":"count"}
[2026-01-08 11:37:38] Getting current user ID...
[2026-01-08 11:37:38] get_user_info() returned: {"id":5,"role":"user","username":"salabim"}
[2026-01-08 11:37:38] Using logged-in user ID: 5
[2026-01-08 11:37:38] Final user_id: 5
[2026-01-08 11:37:38] Action: count
[2026-01-08 11:37:38] === NEW REQUEST === {"action":"count"}
[2026-01-08 11:37:38] Getting current user ID...
[2026-01-08 11:37:38] get_user_info() returned: {"id":5,"role":"user","username":"salabim"}
[2026-01-08 11:37:38] Using logged-in user ID: 5
[2026-01-08 11:37:38] Final user_id: 5
[2026-01-08 11:37:38] Action: count
[2026-01-08 11:37:49] === NEW REQUEST === {"action":"count"}
[2026-01-08 11:37:49] Getting current user ID...
[2026-01-08 11:37:49] get_user_info() returned: {"id":5,"role":"user","username":"salabim"}
[2026-01-08 11:37:49] Using logged-in user ID: 5
[2026-01-08 11:37:49] Final user_id: 5
[2026-01-08 11:37:49] Action: count
[2026-01-08 11:37:49] === NEW REQUEST === {"action":"count"}
[2026-01-08 11:37:49] Getting current user ID...
[2026-01-08 11:37:49] get_user_info() returned: {"id":5,"role":"user","username":"salabim"}
[2026-01-08 11:37:49] Using logged-in user ID: 5
[2026-01-08 11:37:49] Final user_id: 5
[2026-01-08 11:37:49] Action: count
[2026-01-08 13:23:09] === NEW REQUEST === {"action":"count"}
[2026-01-08 13:23:09] Getting current user ID...
[2026-01-08 13:23:09] get_user_info() returned: {"id":5,"role":"user","username":"salabim"}
[2026-01-08 13:23:09] Using logged-in user ID: 5
[2026-01-08 13:23:09] Final user_id: 5
[2026-01-08 13:23:09] Action: count
[2026-01-08 13:23:09] === NEW REQUEST === {"action":"count"}
[2026-01-08 13:23:09] Getting current user ID...
[2026-01-08 13:23:09] get_user_info() returned: {"id":5,"role":"user","username":"salabim"}
[2026-01-08 13:23:09] Using logged-in user ID: 5
[2026-01-08 13:23:09] Final user_id: 5
[2026-01-08 13:23:09] Action: count
[2026-01-08 13:24:05] === NEW REQUEST === {"action":"count"}
[2026-01-08 13:24:05] Getting current user ID...
[2026-01-08 13:24:05] get_user_info() returned: {"id":5,"role":"user","username":"salabim"}
[2026-01-08 13:24:05] Using logged-in user ID: 5
[2026-01-08 13:24:05] Final user_id: 5
[2026-01-08 13:24:05] Action: count
[2026-01-08 13:24:05] === NEW REQUEST === {"action":"count"}
[2026-01-08 13:24:05] Getting current user ID...
[2026-01-08 13:24:05] get_user_info() returned: {"id":5,"role":"user","username":"salabim"}
[2026-01-08 13:24:05] Using logged-in user ID: 5
[2026-01-08 13:24:05] Final user_id: 5
[2026-01-08 13:24:05] Action: count
[2026-01-08 13:24:31] === NEW REQUEST === {"action":"count"}
[2026-01-08 13:24:31] Getting current user ID...
[2026-01-08 13:24:31] get_user_info() returned: {"id":5,"role":"user","username":"salabim"}
[2026-01-08 13:24:31] Using logged-in user ID: 5
[2026-01-08 13:24:31] Final user_id: 5
[2026-01-08 13:24:31] Action: count
[2026-01-08 13:24:31] === NEW REQUEST === {"action":"count"}
[2026-01-08 13:24:31] Getting current user ID...
[2026-01-08 13:24:31] get_user_info() returned: {"id":5,"role":"user","username":"salabim"}
[2026-01-08 13:24:31] Using logged-in user ID: 5
[2026-01-08 13:24:31] Final user_id: 5
[2026-01-08 13:24:31] Action: count
[2026-01-08 13:26:54] === NEW REQUEST === {"action":"count"}
[2026-01-08 13:26:54] Getting current user ID...
[2026-01-08 13:26:54] get_user_info() returned: {"id":5,"role":"user","username":"salabim"}
[2026-01-08 13:26:54] Using logged-in user ID: 5
[2026-01-08 13:26:54] Final user_id: 5
[2026-01-08 13:26:54] Action: count
[2026-01-08 13:26:54] === NEW REQUEST === {"action":"count"}
[2026-01-08 13:26:54] Getting current user ID...
[2026-01-08 13:26:54] get_user_info() returned: {"id":5,"role":"user","username":"salabim"}
[2026-01-08 13:26:54] Using logged-in user ID: 5
[2026-01-08 13:26:54] Final user_id: 5
[2026-01-08 13:26:54] Action: count
[2026-01-08 13:27:51] === NEW REQUEST === {"action":"count"}
[2026-01-08 13:27:51] Getting current user ID...
[2026-01-08 13:27:51] get_user_info() returned: {"id":5,"role":"user","username":"salabim"}
[2026-01-08 13:27:51] Using logged-in user ID: 5
[2026-01-08 13:27:51] Final user_id: 5
[2026-01-08 13:27:51] Action: count
[2026-01-08 13:27:52] === NEW REQUEST === {"action":"count"}
[2026-01-08 13:27:52] Getting current user ID...
[2026-01-08 13:27:52] get_user_info() returned: {"id":5,"role":"user","username":"salabim"}
[2026-01-08 13:27:52] Using logged-in user ID: 5
[2026-01-08 13:27:52] Final user_id: 5
[2026-01-08 13:27:52] Action: count
[2026-01-08 13:27:53] === NEW REQUEST === {"action":"count"}
[2026-01-08 13:27:53] Getting current user ID...
[2026-01-08 13:27:53] get_user_info() returned: {"id":5,"role":"user","username":"salabim"}
[2026-01-08 13:27:53] Using logged-in user ID: 5
[2026-01-08 13:27:53] Final user_id: 5
[2026-01-08 13:27:53] Action: count
[2026-01-08 13:27:53] === NEW REQUEST === {"action":"count"}
[2026-01-08 13:27:53] Getting current user ID...
[2026-01-08 13:27:53] get_user_info() returned: {"id":5,"role":"user","username":"salabim"}
[2026-01-08 13:27:53] Using logged-in user ID: 5
[2026-01-08 13:27:53] Final user_id: 5
[2026-01-08 13:27:53] Action: count
[2026-01-08 13:27:53] === NEW REQUEST === {"action":"count"}
[2026-01-08 13:27:53] Getting current user ID...
[2026-01-08 13:27:53] get_user_info() returned: {"id":5,"role":"user","username":"salabim"}
[2026-01-08 13:27:53] Using logged-in user ID: 5
[2026-01-08 13:27:53] Final user_id: 5
[2026-01-08 13:27:53] Action: count
[2026-01-08 13:27:53] === NEW REQUEST === {"action":"count"}
[2026-01-08 13:27:53] Getting current user ID...
[2026-01-08 13:27:53] get_user_info() returned: {"id":5,"role":"user","username":"salabim"}
[2026-01-08 13:27:53] Using logged-in user ID: 5
[2026-01-08 13:27:53] Final user_id: 5
[2026-01-08 13:27:53] Action: count
[2026-01-08 13:27:54] === NEW REQUEST === {"action":"count"}
[2026-01-08 13:27:54] Getting current user ID...
[2026-01-08 13:27:54] get_user_info() returned: {"id":5,"role":"user","username":"salabim"}
[2026-01-08 13:27:54] Using logged-in user ID: 5
[2026-01-08 13:27:54] Final user_id: 5
[2026-01-08 13:27:54] Action: count
[2026-01-08 13:27:54] === NEW REQUEST === {"action":"count"}
[2026-01-08 13:27:54] Getting current user ID...
[2026-01-08 13:27:54] get_user_info() returned: {"id":5,"role":"user","username":"salabim"}
[2026-01-08 13:27:54] Using logged-in user ID: 5
[2026-01-08 13:27:54] Final user_id: 5
[2026-01-08 13:27:54] Action: count
[2026-01-08 13:27:54] === NEW REQUEST === {"action":"count"}
[2026-01-08 13:27:54] Getting current user ID...
[2026-01-08 13:27:54] get_user_info() returned: {"id":5,"role":"user","username":"salabim"}
[2026-01-08 13:27:54] Using logged-in user ID: 5
[2026-01-08 13:27:54] Final user_id: 5
[2026-01-08 13:27:54] Action: count
[2026-01-08 13:27:54] === NEW REQUEST === {"action":"count"}
[2026-01-08 13:27:54] Getting current user ID...
[2026-01-08 13:27:54] get_user_info() returned: {"id":5,"role":"user","username":"salabim"}
[2026-01-08 13:27:54] Using logged-in user ID: 5
[2026-01-08 13:27:54] Final user_id: 5
[2026-01-08 13:27:54] Action: count
[2026-01-08 13:27:54] === NEW REQUEST === {"action":"count"}
[2026-01-08 13:27:54] Getting current user ID...
[2026-01-08 13:27:54] get_user_info() returned: {"id":5,"role":"user","username":"salabim"}
[2026-01-08 13:27:54] Using logged-in user ID: 5
[2026-01-08 13:27:54] Final user_id: 5
[2026-01-08 13:27:54] Action: count
[2026-01-08 13:27:54] === NEW REQUEST === {"action":"count"}
[2026-01-08 13:27:54] Getting current user ID...
[2026-01-08 13:27:54] get_user_info() returned: {"id":5,"role":"user","username":"salabim"}
[2026-01-08 13:27:54] Using logged-in user ID: 5
[2026-01-08 13:27:54] Final user_id: 5
[2026-01-08 13:27:54] Action: count
[2026-01-08 13:27:54] === NEW REQUEST === {"action":"count"}
[2026-01-08 13:27:54] Getting current user ID...
[2026-01-08 13:27:54] get_user_info() returned: {"id":5,"role":"user","username":"salabim"}
[2026-01-08 13:27:54] Using logged-in user ID: 5
[2026-01-08 13:27:54] Final user_id: 5
[2026-01-08 13:27:54] Action: count
[2026-01-08 13:27:54] === NEW REQUEST === {"action":"count"}
[2026-01-08 13:27:54] Getting current user ID...
[2026-01-08 13:27:54] get_user_info() returned: {"id":5,"role":"user","username":"salabim"}
[2026-01-08 13:27:54] Using logged-in user ID: 5
[2026-01-08 13:27:54] Final user_id: 5
[2026-01-08 13:27:54] Action: count
[2026-01-08 13:27:56] === NEW REQUEST === {"action":"count"}
[2026-01-08 13:27:56] Getting current user ID...
[2026-01-08 13:27:56] get_user_info() returned: {"id":5,"role":"user","username":"salabim"}
[2026-01-08 13:27:56] Using logged-in user ID: 5
[2026-01-08 13:27:56] Final user_id: 5
[2026-01-08 13:27:56] Action: count
[2026-01-08 13:27:56] === NEW REQUEST === {"action":"count"}
[2026-01-08 13:27:56] Getting current user ID...
[2026-01-08 13:27:56] get_user_info() returned: {"id":5,"role":"user","username":"salabim"}
[2026-01-08 13:27:56] Using logged-in user ID: 5
[2026-01-08 13:27:56] Final user_id: 5
[2026-01-08 13:27:56] Action: count
[2026-01-08 13:30:51] === NEW REQUEST === {"action":"count"}
[2026-01-08 13:30:51] Getting current user ID...
[2026-01-08 13:30:51] get_user_info() returned: {"id":5,"role":"user","username":"salabim"}
[2026-01-08 13:30:51] Using logged-in user ID: 5
[2026-01-08 13:30:51] Final user_id: 5
[2026-01-08 13:30:51] Action: count
[2026-01-08 13:30:51] === NEW REQUEST === {"action":"count"}
[2026-01-08 13:30:51] Getting current user ID...
[2026-01-08 13:30:51] get_user_info() returned: {"id":5,"role":"user","username":"salabim"}
[2026-01-08 13:30:51] Using logged-in user ID: 5
[2026-01-08 13:30:51] Final user_id: 5
[2026-01-08 13:30:51] Action: count
[2026-01-08 13:39:55] === NEW REQUEST === {"action":"count"}
[2026-01-08 13:39:55] Getting current user ID...
[2026-01-08 13:39:55] get_user_info() returned: {"id":5,"role":"user","username":"salabim"}
[2026-01-08 13:39:55] Using logged-in user ID: 5
[2026-01-08 13:39:55] Final user_id: 5
[2026-01-08 13:39:55] Action: count
[2026-01-08 13:39:55] === NEW REQUEST === {"action":"count"}
[2026-01-08 13:39:55] Getting current user ID...
[2026-01-08 13:39:55] get_user_info() returned: {"id":5,"role":"user","username":"salabim"}
[2026-01-08 13:39:55] Using logged-in user ID: 5
[2026-01-08 13:39:55] Final user_id: 5
[2026-01-08 13:39:55] Action: count
[2026-01-08 13:42:56] === NEW REQUEST === {"action":"count"}
[2026-01-08 13:42:56] Getting current user ID...
[2026-01-08 13:42:56] get_user_info() returned: {"id":5,"role":"user","username":"salabim"}
[2026-01-08 13:42:56] Using logged-in user ID: 5
[2026-01-08 13:42:56] Final user_id: 5
[2026-01-08 13:42:56] Action: count
[2026-01-08 13:42:56] === NEW REQUEST === {"action":"count"}
[2026-01-08 13:42:56] Getting current user ID...
[2026-01-08 13:42:56] get_user_info() returned: {"id":5,"role":"user","username":"salabim"}
[2026-01-08 13:42:56] Using logged-in user ID: 5
[2026-01-08 13:42:56] Final user_id: 5
[2026-01-08 13:42:56] Action: count
[2026-01-08 13:44:36] === NEW REQUEST === {"action":"count"}
[2026-01-08 13:44:36] Getting current user ID...
[2026-01-08 13:44:36] get_user_info() returned: {"id":5,"role":"user","username":"salabim"}
[2026-01-08 13:44:36] Using logged-in user ID: 5
[2026-01-08 13:44:36] Final user_id: 5
[2026-01-08 13:44:36] Action: count
[2026-01-08 13:44:36] === NEW REQUEST === {"action":"count"}
[2026-01-08 13:44:36] Getting current user ID...
[2026-01-08 13:44:36] get_user_info() returned: {"id":5,"role":"user","username":"salabim"}
[2026-01-08 13:44:36] Using logged-in user ID: 5
[2026-01-08 13:44:36] Final user_id: 5
[2026-01-08 13:44:36] Action: count
[2026-01-08 13:44:42] === NEW REQUEST === {"action":"count"}
[2026-01-08 13:44:42] Getting current user ID...
[2026-01-08 13:44:42] get_user_info() returned: {"id":5,"role":"user","username":"salabim"}
[2026-01-08 13:44:42] Using logged-in user ID: 5
[2026-01-08 13:44:42] Final user_id: 5
[2026-01-08 13:44:42] Action: count
[2026-01-08 13:44:42] === NEW REQUEST === {"action":"count"}
[2026-01-08 13:44:42] Getting current user ID...
[2026-01-08 13:44:42] get_user_info() returned: {"id":5,"role":"user","username":"salabim"}
[2026-01-08 13:44:42] Using logged-in user ID: 5
[2026-01-08 13:44:42] Final user_id: 5
[2026-01-08 13:44:42] Action: count
[2026-01-08 13:44:47] === NEW REQUEST === {"action":"count"}
[2026-01-08 13:44:47] Getting current user ID...
[2026-01-08 13:44:47] get_user_info() returned: {"id":5,"role":"user","username":"salabim"}
[2026-01-08 13:44:47] Using logged-in user ID: 5
[2026-01-08 13:44:47] Final user_id: 5
[2026-01-08 13:44:47] Action: count
[2026-01-08 13:44:47] === NEW REQUEST === {"action":"count"}
[2026-01-08 13:44:47] Getting current user ID...
[2026-01-08 13:44:47] get_user_info() returned: {"id":5,"role":"user","username":"salabim"}
[2026-01-08 13:44:47] Using logged-in user ID: 5
[2026-01-08 13:44:47] Final user_id: 5
[2026-01-08 13:44:47] Action: count
[2026-01-08 13:44:50] === NEW REQUEST === {"action":"count"}
[2026-01-08 13:44:50] Getting current user ID...
[2026-01-08 13:44:50] get_user_info() returned: {"id":5,"role":"user","username":"salabim"}
[2026-01-08 13:44:50] Using logged-in user ID: 5
[2026-01-08 13:44:50] Final user_id: 5
[2026-01-08 13:44:50] Action: count
[2026-01-08 13:44:50] === NEW REQUEST === {"action":"count"}
[2026-01-08 13:44:50] Getting current user ID...
[2026-01-08 13:44:50] get_user_info() returned: {"id":5,"role":"user","username":"salabim"}
[2026-01-08 13:44:50] Using logged-in user ID: 5
[2026-01-08 13:44:50] Final user_id: 5
[2026-01-08 13:44:50] Action: count
[2026-01-08 13:44:52] === NEW REQUEST === {"action":"count"}
[2026-01-08 13:44:52] Getting current user ID...
[2026-01-08 13:44:52] get_user_info() returned: {"id":5,"role":"user","username":"salabim"}
[2026-01-08 13:44:52] Using logged-in user ID: 5
[2026-01-08 13:44:52] Final user_id: 5
[2026-01-08 13:44:52] Action: count
[2026-01-08 13:44:52] === NEW REQUEST === {"action":"count"}
[2026-01-08 13:44:52] Getting current user ID...
[2026-01-08 13:44:52] get_user_info() returned: {"id":5,"role":"user","username":"salabim"}
[2026-01-08 13:44:52] Using logged-in user ID: 5
[2026-01-08 13:44:52] Final user_id: 5
[2026-01-08 13:44:52] Action: count
[2026-01-08 13:44:57] === NEW REQUEST === {"action":"count"}
[2026-01-08 13:44:57] Getting current user ID...
[2026-01-08 13:44:57] get_user_info() returned: {"id":5,"role":"user","username":"salabim"}
[2026-01-08 13:44:57] Using logged-in user ID: 5
[2026-01-08 13:44:57] Final user_id: 5
[2026-01-08 13:44:57] Action: count
[2026-01-08 13:44:57] === NEW REQUEST === {"action":"count"}
[2026-01-08 13:44:57] Getting current user ID...
[2026-01-08 13:44:57] get_user_info() returned: {"id":5,"role":"user","username":"salabim"}
[2026-01-08 13:44:57] Using logged-in user ID: 5
[2026-01-08 13:44:57] Final user_id: 5
[2026-01-08 13:44:57] Action: count
[2026-01-08 13:47:47] === NEW REQUEST === {"action":"count"}
[2026-01-08 13:47:47] Getting current user ID...
[2026-01-08 13:47:47] get_user_info() returned: {"id":5,"role":"user","username":"salabim"}
[2026-01-08 13:47:47] Using logged-in user ID: 5
[2026-01-08 13:47:47] Final user_id: 5
[2026-01-08 13:47:47] Action: count
[2026-01-08 13:47:47] === NEW REQUEST === {"action":"count"}
[2026-01-08 13:47:47] Getting current user ID...
[2026-01-08 13:47:47] get_user_info() returned: {"id":5,"role":"user","username":"salabim"}
[2026-01-08 13:47:47] Using logged-in user ID: 5
[2026-01-08 13:47:47] Final user_id: 5
[2026-01-08 13:47:47] Action: count
[2026-01-08 13:47:54] === NEW REQUEST === {"action":"count"}
[2026-01-08 13:47:54] Getting current user ID...
[2026-01-08 13:47:54] get_user_info() returned: {"id":5,"role":"user","username":"salabim"}
[2026-01-08 13:47:54] Using logged-in user ID: 5
[2026-01-08 13:47:54] Final user_id: 5
[2026-01-08 13:47:54] Action: count
[2026-01-08 13:47:54] === NEW REQUEST === {"action":"count"}
[2026-01-08 13:47:54] Getting current user ID...
[2026-01-08 13:47:54] get_user_info() returned: {"id":5,"role":"user","username":"salabim"}
[2026-01-08 13:47:54] Using logged-in user ID: 5
[2026-01-08 13:47:54] Final user_id: 5
[2026-01-08 13:47:54] Action: count
[2026-01-08 13:51:23] === NEW REQUEST === {"action":"count"}
[2026-01-08 13:51:23] Getting current user ID...
[2026-01-08 13:51:23] get_user_info() returned: {"id":5,"role":"user","username":"salabim"}
[2026-01-08 13:51:23] Using logged-in user ID: 5
[2026-01-08 13:51:23] Final user_id: 5
[2026-01-08 13:51:23] Action: count
[2026-01-08 13:51:23] === NEW REQUEST === {"action":"count"}
[2026-01-08 13:51:23] Getting current user ID...
[2026-01-08 13:51:23] get_user_info() returned: {"id":5,"role":"user","username":"salabim"}
[2026-01-08 13:51:23] Using logged-in user ID: 5
[2026-01-08 13:51:23] Final user_id: 5
[2026-01-08 13:51:23] Action: count
[2026-01-08 13:51:31] === NEW REQUEST === {"action":"count"}
[2026-01-08 13:51:31] Getting current user ID...
[2026-01-08 13:51:31] get_user_info() returned: {"id":5,"role":"user","username":"salabim"}
[2026-01-08 13:51:31] Using logged-in user ID: 5
[2026-01-08 13:51:31] Final user_id: 5
[2026-01-08 13:51:31] Action: count
[2026-01-08 13:51:31] === NEW REQUEST === {"action":"count"}
[2026-01-08 13:51:31] Getting current user ID...
[2026-01-08 13:51:31] get_user_info() returned: {"id":5,"role":"user","username":"salabim"}
[2026-01-08 13:51:31] Using logged-in user ID: 5
[2026-01-08 13:51:31] Final user_id: 5
[2026-01-08 13:51:31] Action: count
[2026-01-08 13:52:11] === NEW REQUEST === {"action":"count"}
[2026-01-08 13:52:11] Getting current user ID...
[2026-01-08 13:52:11] get_user_info() returned: {"id":5,"role":"user","username":"salabim"}
[2026-01-08 13:52:11] Using logged-in user ID: 5
[2026-01-08 13:52:11] Final user_id: 5
[2026-01-08 13:52:11] Action: count
[2026-01-08 13:52:11] === NEW REQUEST === {"action":"count"}
[2026-01-08 13:52:11] Getting current user ID...
[2026-01-08 13:52:11] get_user_info() returned: {"id":5,"role":"user","username":"salabim"}
[2026-01-08 13:52:11] Using logged-in user ID: 5
[2026-01-08 13:52:11] Final user_id: 5
[2026-01-08 13:52:11] Action: count
[2026-01-08 13:52:12] === NEW REQUEST === {"action":"count"}
[2026-01-08 13:52:12] Getting current user ID...
[2026-01-08 13:52:12] get_user_info() returned: {"id":5,"role":"user","username":"salabim"}
[2026-01-08 13:52:12] Using logged-in user ID: 5
[2026-01-08 13:52:12] Final user_id: 5
[2026-01-08 13:52:12] Action: count
[2026-01-08 13:52:12] === NEW REQUEST === {"action":"count"}
[2026-01-08 13:52:12] Getting current user ID...
[2026-01-08 13:52:12] get_user_info() returned: {"id":5,"role":"user","username":"salabim"}
[2026-01-08 13:52:12] Using logged-in user ID: 5
[2026-01-08 13:52:12] Final user_id: 5
[2026-01-08 13:52:12] Action: count
[2026-01-08 13:52:15] === NEW REQUEST === {"action":"count"}
[2026-01-08 13:52:15] Getting current user ID...
[2026-01-08 13:52:15] get_user_info() returned: {"id":5,"role":"user","username":"salabim"}
[2026-01-08 13:52:15] Using logged-in user ID: 5
[2026-01-08 13:52:15] Final user_id: 5
[2026-01-08 13:52:15] Action: count
[2026-01-08 13:52:15] === NEW REQUEST === {"action":"count"}
[2026-01-08 13:52:15] Getting current user ID...
[2026-01-08 13:52:15] get_user_info() returned: {"id":5,"role":"user","username":"salabim"}
[2026-01-08 13:52:15] Using logged-in user ID: 5
[2026-01-08 13:52:15] Final user_id: 5
[2026-01-08 13:52:15] Action: count
[2026-01-08 13:52:18] === NEW REQUEST === {"action":"count"}
[2026-01-08 13:52:18] Getting current user ID...
[2026-01-08 13:52:18] get_user_info() returned: {"id":5,"role":"user","username":"salabim"}
[2026-01-08 13:52:18] Using logged-in user ID: 5
[2026-01-08 13:52:18] Final user_id: 5
[2026-01-08 13:52:18] Action: count
[2026-01-08 13:52:18] === NEW REQUEST === {"action":"count"}
[2026-01-08 13:52:18] Getting current user ID...
[2026-01-08 13:52:18] get_user_info() returned: {"id":5,"role":"user","username":"salabim"}
[2026-01-08 13:52:18] Using logged-in user ID: 5
[2026-01-08 13:52:18] Final user_id: 5
[2026-01-08 13:52:18] Action: count
[2026-01-08 14:30:22] === NEW REQUEST === {"action":"count"}
[2026-01-08 14:30:22] Getting current user ID...
[2026-01-08 14:30:22] get_user_info() returned: {"id":1,"role":"admin","username":"admin"}
[2026-01-08 14:30:22] Using logged-in user ID: 1
[2026-01-08 14:30:22] Final user_id: 1
[2026-01-08 14:30:22] Action: count
[2026-01-08 14:30:22] === NEW REQUEST === {"action":"count"}
[2026-01-08 14:30:22] Getting current user ID...
[2026-01-08 14:30:22] get_user_info() returned: {"id":1,"role":"admin","username":"admin"}
[2026-01-08 14:30:22] Using logged-in user ID: 1
[2026-01-08 14:30:22] Final user_id: 1
[2026-01-08 14:30:22] Action: count
[2026-01-08 14:30:34] === NEW REQUEST === {"action":"count"}
[2026-01-08 14:30:34] Getting current user ID...
[2026-01-08 14:30:34] get_user_info() returned: {"id":1,"role":"admin","username":"admin"}
[2026-01-08 14:30:34] Using logged-in user ID: 1
[2026-01-08 14:30:34] Final user_id: 1
[2026-01-08 14:30:34] Action: count
[2026-01-08 14:30:34] === NEW REQUEST === {"action":"count"}
[2026-01-08 14:30:34] Getting current user ID...
[2026-01-08 14:30:34] get_user_info() returned: {"id":1,"role":"admin","username":"admin"}
[2026-01-08 14:30:34] Using logged-in user ID: 1
[2026-01-08 14:30:34] Final user_id: 1
[2026-01-08 14:30:34] Action: count
[2026-01-08 14:31:32] === NEW REQUEST === {"action":"count"}
[2026-01-08 14:31:32] Getting current user ID...
[2026-01-08 14:31:32] get_user_info() returned: {"id":1,"role":"admin","username":"admin"}
[2026-01-08 14:31:32] Using logged-in user ID: 1
[2026-01-08 14:31:32] Final user_id: 1
[2026-01-08 14:31:32] Action: count
[2026-01-08 14:31:32] === NEW REQUEST === {"action":"count"}
[2026-01-08 14:31:32] Getting current user ID...
[2026-01-08 14:31:32] get_user_info() returned: {"id":1,"role":"admin","username":"admin"}
[2026-01-08 14:31:32] Using logged-in user ID: 1
[2026-01-08 14:31:32] Final user_id: 1
[2026-01-08 14:31:32] Action: count
[2026-01-08 14:49:33] === NEW REQUEST === {"action":"count"}
[2026-01-08 14:49:33] Getting current user ID...
[2026-01-08 14:49:33] get_user_info() returned: {"id":1,"role":"admin","username":"admin"}
[2026-01-08 14:49:33] Using logged-in user ID: 1
[2026-01-08 14:49:33] Final user_id: 1
[2026-01-08 14:49:33] Action: count
[2026-01-08 14:49:33] === NEW REQUEST === {"action":"count"}
[2026-01-08 14:49:33] Getting current user ID...
[2026-01-08 14:49:33] get_user_info() returned: {"id":1,"role":"admin","username":"admin"}
[2026-01-08 14:49:33] Using logged-in user ID: 1
[2026-01-08 14:49:33] Final user_id: 1
[2026-01-08 14:49:33] Action: count
